,row,CUI Part,CUI Series,status,RECOM series,RECOM Series matches,vin_min,vin_max,vout_1,vout_2,isolation,num_outputs,RECOM_Artikelnummer,RECOM_Bezeichnung 1,RECOM_Inputvoltage,RECOM_Outputvoltage,RECOM_Isolation,RECOM_ProductgroupBezeichnung,score
0,2,PCN2-S5-D15-S,pcn2-s,,RKZE,113,4.5,5.5,15.0,-15.0,1000.0,2.0,10019106,RKZE-0515D,05,+/-15,3KV,RKZE,4.0
1,2,PCN2-S5-D15-S,pcn2-s,,RKZE,113,4.5,5.5,15.0,-15.0,1000.0,2.0,10019107,RKZE-0515D/H,05,+/-15,4KV,RKZE,4.0
2,2,PCN2-S5-D15-S,pcn2-s,,RKZE,113,4.5,5.5,15.0,-15.0,1000.0,2.0,10019108,RKZE-0515D/P,05,+/-15,3KV,RKZE,4.0
3,2,PCN2-S5-D15-S,pcn2-s,,RKZE,113,4.5,5.5,15.0,-15.0,1000.0,2.0,10019109,RKZE-0515D/HP,05,+/-15,4KV,RKZE,4.0
4,3,PCN2-S5-D12-S,pcn2-s,,RKZE,113,4.5,5.5,12.0,-12.0,1000.0,2.0,10019090,RKZE-0512D,05,+/-12,3KV,RKZE,4.0
5,3,PCN2-S5-D12-S,pcn2-s,,RKZE,113,4.5,5.5,12.0,-12.0,1000.0,2.0,10019091,RKZE-0512D/H,05,+/-12,4KV,RKZE,4.0
6,3,PCN2-S5-D12-S,pcn2-s,,RKZE,113,4.5,5.5,12.0,-12.0,1000.0,2.0,10019092,RKZE-0512D/P,05,+/-12,3KV,RKZE,4.0
7,3,PCN2-S5-D12-S,pcn2-s,,RKZE,113,4.5,5.5,12.0,-12.0,1000.0,2.0,10019093,RKZE-0512D/HP,05,+/-12,4KV,RKZE,4.0
8,4,PCN2-S5-D5-S,pcn2-s,,RKZE,113,4.5,5.5,5.0,-5.0,1000.0,2.0,10019074,RKZE-0505D,05,+/-05,3KV,RKZE,4.0
9,4,PCN2-S5-D5-S,pcn2-s,,RKZE,113,4.5,5.5,5.0,-5.0,1000.0,2.0,10019075,RKZE-0505D/H,05,+/-05,4KV,RKZE,4.0
10,4,PCN2-S5-D5-S,pcn2-s,,RKZE,113,4.5,5.5,5.0,-5.0,1000.0,2.0,10019076,RKZE-0505D/P,05,+/-05,3KV,RKZE,4.0
11,4,PCN2-S5-D5-S,pcn2-s,,RKZE,113,4.5,5.5,5.0,-5.0,1000.0,2.0,10019077,RKZE-0505D/HP,05,+/-05,4KV,RKZE,4.0
12,5,PCN2-S5-S15-S,pcn2-s,,RKZE,113,4.5,5.5,15.0,,1000.0,1.0,10019058,RKZE-0515S,05,15,3KV,RKZE,4.0
13,5,PCN2-S5-S15-S,pcn2-s,,RKZE,113,4.5,5.5,15.0,,1000.0,1.0,10019059,RKZE-0515S/H,05,15,4KV,RKZE,4.0
14,5,PCN2-S5-S15-S,pcn2-s,,RKZE,113,4.5,5.5,15.0,,1000.0,1.0,10019060,RKZE-0515S/P,05,15,3KV,RKZE,4.0
15,5,PCN2-S5-S15-S,pcn2-s,,RKZE,113,4.5,5.5,15.0,,1000.0,1.0,10019061,RKZE-0515S/HP,05,15,4KV,RKZE,4.0
16,6,PCN2-S5-S12-S,pcn2-s,,RKZE,113,4.5,5.5,12.0,,1000.0,1.0,10019042,RKZE-0512S,05,12,3KV,RKZE,4.0
17,6,PCN2-S5-S12-S,pcn2-s,,RKZE,113,4.5,5.5,12.0,,1000.0,1.0,10019043,RKZE-0512S/H,05,12,4KV,RKZE,4.0
18,6,PCN2-S5-S12-S,pcn2-s,,RKZE,113,4.5,5.5,12.0,,1000.0,1.0,10019044,RKZE-0512S/P,05,12,3KV,RKZE,4.0
19,6,PCN2-S5-S12-S,pcn2-s,,RKZE,113,4.5,5.5,12.0,,1000.0,1.0,10019045,RKZE-0512S/HP,05,12,4KV,RKZE,4.0
20,7,PCN2-S5-S5-S,pcn2-s,,RKZE,113,4.5,5.5,5.0,,1000.0,1.0,10019010,RKZE-0505S,05,05,3KV,RKZE,4.0
21,7,PCN2-S5-S5-S,pcn2-s,,RKZE,113,4.5,5.5,5.0,,1000.0,1.0,10019011,RKZE-0505S/H,05,05,4KV,RKZE,4.0
22,7,PCN2-S5-S5-S,pcn2-s,,RKZE,113,4.5,5.5,5.0,,1000.0,1.0,10019012,RKZE-0505S/P,05,05,3KV,RKZE,4.0
23,7,PCN2-S5-S5-S,pcn2-s,,RKZE,113,4.5,5.5,5.0,,1000.0,1.0,10019013,RKZE-0505S/HP,05,05,4KV,RKZE,4.0
24,8,PCSA1-S5-S15-S,pcsa1-s,,ROE,15,4.5,5.5,15.0,,1000.0,1.0,10018045,ROE-0515S,05,15,1KV,ROE,5.0
25,9,PCSA1-S5-S12-S,pcsa1-s,,ROE,15,4.5,5.5,12.0,,1000.0,1.0,10018044,ROE-0512S,05,12,1KV,ROE,5.0
26,10,PCSA1-S5-S5-S,pcsa1-s,,ROE,15,4.5,5.5,5.0,,1000.0,1.0,10016268,ROE-0505S,05,05,1KV,ROE,5.0
27,10,PCSA1-S5-S5-S,pcsa1-s,,ROE,15,4.5,5.5,5.0,,1000.0,1.0,10018225,CU-ROE-0505S,05,05,1KV,CU-ROE,5.0
28,10,PCSA1-S5-S5-S,pcsa1-s,,ROE,15,4.5,5.5,5.0,,1000.0,1.0,10018229,WE-ROE-0505S,05,05,1KV,WE-ROE,5.0
29,22,PCN1-S5-D15-S,pcn1-s,,RB,317,4.5,5.5,15.0,-15.0,1500.0,2.0,10001487,RB-0515D/H,05,+/-15,2KV,RB,4.0
30,22,PCN1-S5-D15-S,pcn1-s,,RB,317,4.5,5.5,15.0,-15.0,1500.0,2.0,10004263,RB-0515D/HP,05,+/-15,2KV,RB,4.0
31,23,PCN1-S5-D12-S,pcn1-s,,RB,317,4.5,5.5,12.0,-12.0,1500.0,2.0,10001486,RB-0512D/H,05,+/-12,2KV,RB,4.0
32,23,PCN1-S5-D12-S,pcn1-s,,RB,317,4.5,5.5,12.0,-12.0,1500.0,2.0,10005262,RB-0512D/HP,05,+/-12,2KV,RB,4.0
33,24,PCN1-S5-D5-S,pcn1-s,,RB,317,4.5,5.5,5.0,-5.0,1500.0,2.0,10001484,RB-0505D/H,05,+/-05,2KV,RB,4.0
34,24,PCN1-S5-D5-S,pcn1-s,,RB,317,4.5,5.5,5.0,-5.0,1500.0,2.0,10004744,RB-0505D/HP,05,+/-05,2KV,RB,4.0
35,25,PCN1-S5-S15-S,pcn1-s,,RB,317,4.5,5.5,15.0,,1500.0,1.0,10001462,RB-0515S/H,05,15,2KV,RB,4.0
36,25,PCN1-S5-S15-S,pcn1-s,,RB,317,4.5,5.5,15.0,,1500.0,1.0,10005263,RB-0515S/HP,05,15,2KV,RB,4.0
37,26,PCN1-S5-S12-S,pcn1-s,,RB,317,4.5,5.5,12.0,,1500.0,1.0,10001461,RB-0512S/H,05,12,2KV,RB,4.0
38,26,PCN1-S5-S12-S,pcn1-s,,RB,317,4.5,5.5,12.0,,1500.0,1.0,10005259,RB-0512S/HP,05,12,2KV,RB,4.0
39,27,PCN1-S5-S5-S,pcn1-s,,RB,317,4.5,5.5,5.0,,1500.0,1.0,10001459,RB-0505S/H,05,05,2KV,RB,4.0
40,27,PCN1-S5-S5-S,pcn1-s,,RB,317,4.5,5.5,5.0,,1500.0,1.0,10005273,RB-0505S/HP,05,05,2KV,RB,4.0
41,35,P78A03-0500,p78a-0500,,R-78E-0.5,11,6.0,28.0,3.3,,0.0,1.0,80000183,R-78E3.3-0.5,6-28,3.3,,R-78E-0.5,4.0
42,35,P78A03-0500,p78a-0500,,R-78E-0.5,11,6.0,28.0,3.3,,0.0,1.0,80000264,R-78E3.3-0.5/X9,6-28,3.3,,R-78E-0.5,4.0
43,36,P78A03-1000,p78a-1000,,R-78E-1.0,6,7.0,28.0,3.3,,0.0,1.0,80000197,R-78E3.3-1.0,7-28,3.3,,R-78E-1.0,4.0
44,37,P78A05-0500,p78a-0500,,R-78E-0.5,11,7.0,28.0,5.0,,0.0,1.0,80000046,R-78E5.0-0.5,7-28,5.0,,R-78E-0.5,4.0
45,37,P78A05-0500,p78a-0500,,R-78E-0.5,11,7.0,28.0,5.0,,0.0,1.0,80000265,R-78E5.0-0.5/X9,7-28,5.0,,R-78E-0.5,4.0
46,38,P78A05-1000,p78a-1000,,R-78E-1.0,6,8.0,28.0,5.0,,0.0,1.0,80000194,R-78E5.0-1.0,8-28,5.0,,R-78E-1.0,4.0
47,38,P78A05-1000,p78a-1000,,R-78E-1.0,6,8.0,28.0,5.0,,0.0,1.0,80000217,R-78E5.0-1.0/X0,8-28,5.0,,R-78E-1.0,4.0
48,38,P78A05-1000,p78a-1000,,R-78E-1.0,6,8.0,28.0,5.0,,0.0,1.0,80000259,R-78E5.0-1.0/X9,8-28,5.0,,R-78E-1.0,4.0
49,157,VHK150W-Q24-S28,vhk150w,,REC150H-UW,6,9.0,36.0,28.0,,1500.0,1.0,21000492,REC150H-4828SUW,9-75,28,2.5KV,REC150H-UW,2.0
50,158,VQE50W-Q24-S48,vqe50w,,RP75H-RW,64,9.0,36.0,48.0,,1500.0,1.0,30004463,RP75H-2448SRW/P,9-36,48,2.25KV,RP75H-RW,4.0
51,158,VQE50W-Q24-S48,vqe50w,,RP75H-RW,64,9.0,36.0,48.0,,1500.0,1.0,30004458,RP75H-2448SRW/N-HC,9-36,48,2.25KV,RP75H-RW,4.0
52,158,VQE50W-Q24-S48,vqe50w,,RP75H-RW,64,9.0,36.0,48.0,,1500.0,1.0,30004453,RP75H-2448SRW/N,9-36,48,2.25KV,RP75H-RW,4.0
53,158,VQE50W-Q24-S48,vqe50w,,RP75H-RW,64,9.0,36.0,48.0,,1500.0,1.0,30004468,RP75H-2448SRW/P-HC,9-36,48,2.25KV,RP75H-RW,4.0
54,159,VQE50W-Q24-S24,vqe50w,,RP75H-RW,64,9.0,36.0,24.0,,1500.0,1.0,30004457,RP75H-2424SRW/N-HC,9-36,24,2.25KV,RP75H-RW,4.0
55,159,VQE50W-Q24-S24,vqe50w,,RP75H-RW,64,9.0,36.0,24.0,,1500.0,1.0,30004462,RP75H-2424SRW/P,9-36,24,2.25KV,RP75H-RW,4.0
56,159,VQE50W-Q24-S24,vqe50w,,RP75H-RW,64,9.0,36.0,24.0,,1500.0,1.0,30004467,RP75H-2424SRW/P-HC,9-36,24,2.25KV,RP75H-RW,4.0
57,159,VQE50W-Q24-S24,vqe50w,,RP75H-RW,64,9.0,36.0,24.0,,1500.0,1.0,30004452,RP75H-2424SRW/N,9-36,24,2.25KV,RP75H-RW,4.0
58,159,VQE50W-Q24-S24,vqe50w,,RP75H-RW,64,9.0,36.0,24.0,,1500.0,1.0,21000408,KES-RP75H-2424SRW/P,9-36,24,2.25KV,KES-RP75H-RW,4.0
59,160,VQE50W-Q24-S15,vqe50w,,RP75H-RW,64,9.0,36.0,15.0,,1500.0,1.0,30004466,RP75H-2415SRW/P-HC,9-36,15,2.25KV,RP75H-RW,4.0
60,160,VQE50W-Q24-S15,vqe50w,,RP75H-RW,64,9.0,36.0,15.0,,1500.0,1.0,30004456,RP75H-2415SRW/N-HC,9-36,15,2.25KV,RP75H-RW,4.0
61,160,VQE50W-Q24-S15,vqe50w,,RP75H-RW,64,9.0,36.0,15.0,,1500.0,1.0,30004461,RP75H-2415SRW/P,9-36,15,2.25KV,RP75H-RW,4.0
62,160,VQE50W-Q24-S15,vqe50w,,RP75H-RW,64,9.0,36.0,15.0,,1500.0,1.0,30004451,RP75H-2415SRW/N,9-36,15,2.25KV,RP75H-RW,4.0
63,161,VQE50W-Q24-S12,vqe50w,,RP75H-RW,64,9.0,36.0,12.0,,1500.0,1.0,30004460,RP75H-2412SRW/P,9-36,12,2.25KV,RP75H-RW,4.0
64,161,VQE50W-Q24-S12,vqe50w,,RP75H-RW,64,9.0,36.0,12.0,,1500.0,1.0,30004465,RP75H-2412SRW/P-HC,9-36,12,2.25KV,RP75H-RW,4.0
65,161,VQE50W-Q24-S12,vqe50w,,RP75H-RW,64,9.0,36.0,12.0,,1500.0,1.0,30004450,RP75H-2412SRW/N,9-36,12,2.25KV,RP75H-RW,4.0
66,161,VQE50W-Q24-S12,vqe50w,,RP75H-RW,64,9.0,36.0,12.0,,1500.0,1.0,30004455,RP75H-2412SRW/N-HC,9-36,12,2.25KV,RP75H-RW,4.0
67,162,VQE50W-Q24-S5,vqe50w,,RP75H-RW,64,9.0,36.0,5.0,,1500.0,1.0,30004459,RP75H-2405SRW/P,9-36,05,2.25KV,RP75H-RW,4.0
68,162,VQE50W-Q24-S5,vqe50w,,RP75H-RW,64,9.0,36.0,5.0,,1500.0,1.0,30004464,RP75H-2405SRW/P-HC,9-36,05,2.25KV,RP75H-RW,4.0
69,162,VQE50W-Q24-S5,vqe50w,,RP75H-RW,64,9.0,36.0,5.0,,1500.0,1.0,30004454,RP75H-2405SRW/N-HC,9-36,05,2.25KV,RP75H-RW,4.0
70,162,VQE50W-Q24-S5,vqe50w,,RP75H-RW,64,9.0,36.0,5.0,,1500.0,1.0,30004449,RP75H-2405SRW/N,9-36,05,2.25KV,RP75H-RW,4.0
71,164,VQB75W-Q24-S5,vqb75w,,RP90Q-RW,65,9.0,36.0,5.0,,1500.0,1.0,30004519,RP90Q-2405SRW/P,9-36,05,2.25KV,RP90Q-RW,4.0
72,164,VQB75W-Q24-S5,vqb75w,,RP90Q-RW,65,9.0,36.0,5.0,,1500.0,1.0,30004983,RP90Q-2405SRW/P/X6,9-36,05,3KV,RP90Q-RW,4.0
73,164,VQB75W-Q24-S5,vqb75w,,RP90Q-RW,65,9.0,36.0,5.0,,1500.0,1.0,30004524,RP90Q-2405SRW/P-HC,9-36,05,2.25KV,RP90Q-RW,4.0
74,164,VQB75W-Q24-S5,vqb75w,,RP90Q-RW,65,9.0,36.0,5.0,,1500.0,1.0,30004509,RP90Q-2405SRW/N,9-36,05,2.25KV,RP90Q-RW,4.0
75,164,VQB75W-Q24-S5,vqb75w,,RP90Q-RW,65,9.0,36.0,5.0,,1500.0,1.0,30004514,RP90Q-2405SRW/N-HC,9-36,05,2.25KV,RP90Q-RW,4.0
76,166,VQB75W-Q24-S24,vqb75w,,RP90Q-RW,65,9.0,36.0,24.0,,1500.0,1.0,30004522,RP90Q-2424SRW/P,9-36,24,2.25KV,RP90Q-RW,4.0
77,166,VQB75W-Q24-S24,vqb75w,,RP90Q-RW,65,9.0,36.0,24.0,,1500.0,1.0,30004527,RP90Q-2424SRW/P-HC,9-36,24,2.25KV,RP90Q-RW,4.0
78,166,VQB75W-Q24-S24,vqb75w,,RP90Q-RW,65,9.0,36.0,24.0,,1500.0,1.0,30004512,RP90Q-2424SRW/N,9-36,24,2.25KV,RP90Q-RW,4.0
79,166,VQB75W-Q24-S24,vqb75w,,RP90Q-RW,65,9.0,36.0,24.0,,1500.0,1.0,30004517,RP90Q-2424SRW/N-HC,9-36,24,2.25KV,RP90Q-RW,4.0
80,166,VQB75W-Q24-S24,vqb75w,,RP90Q-RW,65,9.0,36.0,24.0,,1500.0,1.0,30004982,KES-RP90Q-2424SRW/P,9-36,24,2.25KV,KES-RP90Q-RW,4.0
81,167,VQB75W-Q24-S15,vqb75w,,RP90Q-RW,65,9.0,36.0,15.0,,1500.0,1.0,30004521,RP90Q-2415SRW/P,9-36,15,2.25KV,RP90Q-RW,4.0
82,167,VQB75W-Q24-S15,vqb75w,,RP90Q-RW,65,9.0,36.0,15.0,,1500.0,1.0,30004526,RP90Q-2415SRW/P-HC,9-36,15,2.25KV,RP90Q-RW,4.0
83,167,VQB75W-Q24-S15,vqb75w,,RP90Q-RW,65,9.0,36.0,15.0,,1500.0,1.0,30004511,RP90Q-2415SRW/N,9-36,15,2.25KV,RP90Q-RW,4.0
84,167,VQB75W-Q24-S15,vqb75w,,RP90Q-RW,65,9.0,36.0,15.0,,1500.0,1.0,30004516,RP90Q-2415SRW/N-HC,9-36,15,2.25KV,RP90Q-RW,4.0
85,168,VQB75W-Q24-S12,vqb75w,,RP90Q-RW,65,9.0,36.0,12.0,,1500.0,1.0,30004520,RP90Q-2412SRW/P,9-36,12,2.25KV,RP90Q-RW,4.0
86,168,VQB75W-Q24-S12,vqb75w,,RP90Q-RW,65,9.0,36.0,12.0,,1500.0,1.0,30004525,RP90Q-2412SRW/P-HC,9-36,12,2.25KV,RP90Q-RW,4.0
87,168,VQB75W-Q24-S12,vqb75w,,RP90Q-RW,65,9.0,36.0,12.0,,1500.0,1.0,30004510,RP90Q-2412SRW/N,9-36,12,2.25KV,RP90Q-RW,4.0
88,168,VQB75W-Q24-S12,vqb75w,,RP90Q-RW,65,9.0,36.0,12.0,,1500.0,1.0,30004515,RP90Q-2412SRW/N-HC,9-36,12,2.25KV,RP90Q-RW,4.0
89,169,VHK75W-Q24-S5,vhk75w,,RP75H-RW,64,9.0,36.0,5.0,,1500.0,1.0,30004459,RP75H-2405SRW/P,9-36,05,2.25KV,RP75H-RW,4.0
90,169,VHK75W-Q24-S5,vhk75w,,RP75H-RW,64,9.0,36.0,5.0,,1500.0,1.0,30004464,RP75H-2405SRW/P-HC,9-36,05,2.25KV,RP75H-RW,4.0
91,169,VHK75W-Q24-S5,vhk75w,,RP75H-RW,64,9.0,36.0,5.0,,1500.0,1.0,30004454,RP75H-2405SRW/N-HC,9-36,05,2.25KV,RP75H-RW,4.0
92,169,VHK75W-Q24-S5,vhk75w,,RP75H-RW,64,9.0,36.0,5.0,,1500.0,1.0,30004449,RP75H-2405SRW/N,9-36,05,2.25KV,RP75H-RW,4.0
93,170,VHK75W-Q24-S48,vhk75w,,RP75H-RW,64,9.0,36.0,48.0,,1500.0,1.0,30004463,RP75H-2448SRW/P,9-36,48,2.25KV,RP75H-RW,4.0
94,170,VHK75W-Q24-S48,vhk75w,,RP75H-RW,64,9.0,36.0,48.0,,1500.0,1.0,30004458,RP75H-2448SRW/N-HC,9-36,48,2.25KV,RP75H-RW,4.0
95,170,VHK75W-Q24-S48,vhk75w,,RP75H-RW,64,9.0,36.0,48.0,,1500.0,1.0,30004453,RP75H-2448SRW/N,9-36,48,2.25KV,RP75H-RW,4.0
96,170,VHK75W-Q24-S48,vhk75w,,RP75H-RW,64,9.0,36.0,48.0,,1500.0,1.0,30004468,RP75H-2448SRW/P-HC,9-36,48,2.25KV,RP75H-RW,4.0
97,172,VHK75W-Q24-S24,vhk75w,,RP75H-RW,64,9.0,36.0,24.0,,1500.0,1.0,30004457,RP75H-2424SRW/N-HC,9-36,24,2.25KV,RP75H-RW,4.0
98,172,VHK75W-Q24-S24,vhk75w,,RP75H-RW,64,9.0,36.0,24.0,,1500.0,1.0,30004462,RP75H-2424SRW/P,9-36,24,2.25KV,RP75H-RW,4.0
99,172,VHK75W-Q24-S24,vhk75w,,RP75H-RW,64,9.0,36.0,24.0,,1500.0,1.0,30004467,RP75H-2424SRW/P-HC,9-36,24,2.25KV,RP75H-RW,4.0
100,172,VHK75W-Q24-S24,vhk75w,,RP75H-RW,64,9.0,36.0,24.0,,1500.0,1.0,30004452,RP75H-2424SRW/N,9-36,24,2.25KV,RP75H-RW,4.0
101,172,VHK75W-Q24-S24,vhk75w,,RP75H-RW,64,9.0,36.0,24.0,,1500.0,1.0,21000408,KES-RP75H-2424SRW/P,9-36,24,2.25KV,KES-RP75H-RW,4.0
102,173,VHK75W-Q24-S15,vhk75w,,RP75H-RW,64,9.0,36.0,15.0,,1500.0,1.0,30004466,RP75H-2415SRW/P-HC,9-36,15,2.25KV,RP75H-RW,4.0
103,173,VHK75W-Q24-S15,vhk75w,,RP75H-RW,64,9.0,36.0,15.0,,1500.0,1.0,30004456,RP75H-2415SRW/N-HC,9-36,15,2.25KV,RP75H-RW,4.0
104,173,VHK75W-Q24-S15,vhk75w,,RP75H-RW,64,9.0,36.0,15.0,,1500.0,1.0,30004461,RP75H-2415SRW/P,9-36,15,2.25KV,RP75H-RW,4.0
105,173,VHK75W-Q24-S15,vhk75w,,RP75H-RW,64,9.0,36.0,15.0,,1500.0,1.0,30004451,RP75H-2415SRW/N,9-36,15,2.25KV,RP75H-RW,4.0
106,174,VHK75W-Q24-S12,vhk75w,,RP75H-RW,64,9.0,36.0,12.0,,1500.0,1.0,30004460,RP75H-2412SRW/P,9-36,12,2.25KV,RP75H-RW,4.0
107,174,VHK75W-Q24-S12,vhk75w,,RP75H-RW,64,9.0,36.0,12.0,,1500.0,1.0,30004465,RP75H-2412SRW/P-HC,9-36,12,2.25KV,RP75H-RW,4.0
108,174,VHK75W-Q24-S12,vhk75w,,RP75H-RW,64,9.0,36.0,12.0,,1500.0,1.0,30004450,RP75H-2412SRW/N,9-36,12,2.25KV,RP75H-RW,4.0
109,174,VHK75W-Q24-S12,vhk75w,,RP75H-RW,64,9.0,36.0,12.0,,1500.0,1.0,30004455,RP75H-2412SRW/N-HC,9-36,12,2.25KV,RP75H-RW,4.0
110,175,VHK50W-Q24-S5,vhk50w,,RP75H-RW,64,9.0,36.0,5.0,,1500.0,1.0,30004459,RP75H-2405SRW/P,9-36,05,2.25KV,RP75H-RW,4.0
111,175,VHK50W-Q24-S5,vhk50w,,RP75H-RW,64,9.0,36.0,5.0,,1500.0,1.0,30004464,RP75H-2405SRW/P-HC,9-36,05,2.25KV,RP75H-RW,4.0
112,175,VHK50W-Q24-S5,vhk50w,,RP75H-RW,64,9.0,36.0,5.0,,1500.0,1.0,30004454,RP75H-2405SRW/N-HC,9-36,05,2.25KV,RP75H-RW,4.0
113,175,VHK50W-Q24-S5,vhk50w,,RP75H-RW,64,9.0,36.0,5.0,,1500.0,1.0,30004449,RP75H-2405SRW/N,9-36,05,2.25KV,RP75H-RW,4.0
114,176,VHK50W-Q24-S48,vhk50w,,RP75H-RW,64,9.0,36.0,48.0,,1500.0,1.0,30004463,RP75H-2448SRW/P,9-36,48,2.25KV,RP75H-RW,4.0
115,176,VHK50W-Q24-S48,vhk50w,,RP75H-RW,64,9.0,36.0,48.0,,1500.0,1.0,30004458,RP75H-2448SRW/N-HC,9-36,48,2.25KV,RP75H-RW,4.0
116,176,VHK50W-Q24-S48,vhk50w,,RP75H-RW,64,9.0,36.0,48.0,,1500.0,1.0,30004453,RP75H-2448SRW/N,9-36,48,2.25KV,RP75H-RW,4.0
117,176,VHK50W-Q24-S48,vhk50w,,RP75H-RW,64,9.0,36.0,48.0,,1500.0,1.0,30004468,RP75H-2448SRW/P-HC,9-36,48,2.25KV,RP75H-RW,4.0
118,179,VHK50W-Q24-S24,vhk50w,,RP75H-RW,64,9.0,36.0,24.0,,1500.0,1.0,30004457,RP75H-2424SRW/N-HC,9-36,24,2.25KV,RP75H-RW,4.0
119,179,VHK50W-Q24-S24,vhk50w,,RP75H-RW,64,9.0,36.0,24.0,,1500.0,1.0,30004462,RP75H-2424SRW/P,9-36,24,2.25KV,RP75H-RW,4.0
120,179,VHK50W-Q24-S24,vhk50w,,RP75H-RW,64,9.0,36.0,24.0,,1500.0,1.0,30004467,RP75H-2424SRW/P-HC,9-36,24,2.25KV,RP75H-RW,4.0
121,179,VHK50W-Q24-S24,vhk50w,,RP75H-RW,64,9.0,36.0,24.0,,1500.0,1.0,30004452,RP75H-2424SRW/N,9-36,24,2.25KV,RP75H-RW,4.0
122,179,VHK50W-Q24-S24,vhk50w,,RP75H-RW,64,9.0,36.0,24.0,,1500.0,1.0,21000408,KES-RP75H-2424SRW/P,9-36,24,2.25KV,KES-RP75H-RW,4.0
123,180,VHK50W-Q24-S15,vhk50w,,RP75H-RW,64,9.0,36.0,15.0,,1500.0,1.0,30004466,RP75H-2415SRW/P-HC,9-36,15,2.25KV,RP75H-RW,4.0
124,180,VHK50W-Q24-S15,vhk50w,,RP75H-RW,64,9.0,36.0,15.0,,1500.0,1.0,30004456,RP75H-2415SRW/N-HC,9-36,15,2.25KV,RP75H-RW,4.0
125,180,VHK50W-Q24-S15,vhk50w,,RP75H-RW,64,9.0,36.0,15.0,,1500.0,1.0,30004461,RP75H-2415SRW/P,9-36,15,2.25KV,RP75H-RW,4.0
126,180,VHK50W-Q24-S15,vhk50w,,RP75H-RW,64,9.0,36.0,15.0,,1500.0,1.0,30004451,RP75H-2415SRW/N,9-36,15,2.25KV,RP75H-RW,4.0
127,181,VHK50W-Q24-S12,vhk50w,,RP75H-RW,64,9.0,36.0,12.0,,1500.0,1.0,30004460,RP75H-2412SRW/P,9-36,12,2.25KV,RP75H-RW,4.0
128,181,VHK50W-Q24-S12,vhk50w,,RP75H-RW,64,9.0,36.0,12.0,,1500.0,1.0,30004465,RP75H-2412SRW/P-HC,9-36,12,2.25KV,RP75H-RW,4.0
129,181,VHK50W-Q24-S12,vhk50w,,RP75H-RW,64,9.0,36.0,12.0,,1500.0,1.0,30004450,RP75H-2412SRW/N,9-36,12,2.25KV,RP75H-RW,4.0
130,181,VHK50W-Q24-S12,vhk50w,,RP75H-RW,64,9.0,36.0,12.0,,1500.0,1.0,30004455,RP75H-2412SRW/N-HC,9-36,12,2.25KV,RP75H-RW,4.0
131,182,VHK150W-Q24-S48,vhk150w,,REC150H-UW,6,9.0,36.0,48.0,,1500.0,1.0,21000493,REC150H-4848SUW,9-75,48,2.5KV,REC150H-UW,2.0
132,183,VHK150W-Q24-S24,vhk150w,,REC150H-UW,6,9.0,36.0,24.0,,1500.0,1.0,21000491,REC150H-4824SUW,9-75,24,2.5KV,REC150H-UW,2.0
133,185,VHK150W-Q24-S12,vhk150w,,REC150H-UW,6,9.0,36.0,12.0,,1500.0,1.0,21000490,REC150H-4812SUW,9-75,12,2.5KV,REC150H-UW,2.0
134,186,VHK100W-Q24-S5,vhk100w,,RP100H-RW,63,9.0,36.0,5.0,,1500.0,1.0,30004579,RP100H-2405SRW/P,9-36,05,2.25KV,RP100H-RW,4.0
135,186,VHK100W-Q24-S5,vhk100w,,RP100H-RW,63,9.0,36.0,5.0,,1500.0,1.0,30004584,RP100H-2405SRW/P-HC,9-36,05,2.25KV,RP100H-RW,4.0
136,186,VHK100W-Q24-S5,vhk100w,,RP100H-RW,63,9.0,36.0,5.0,,1500.0,1.0,30004574,RP100H-2405SRW/N-HC,9-36,05,2.25KV,RP100H-RW,4.0
137,186,VHK100W-Q24-S5,vhk100w,,RP100H-RW,63,9.0,36.0,5.0,,1500.0,1.0,30004569,RP100H-2405SRW/N,9-36,05,2.25KV,RP100H-RW,4.0
138,187,VHK100W-Q24-S48,vhk100w,,RP100H-RW,63,9.0,36.0,48.0,,1500.0,1.0,30004573,RP100H-2448SRW/N,9-36,48,2.25KV,RP100H-RW,4.0
139,187,VHK100W-Q24-S48,vhk100w,,RP100H-RW,63,9.0,36.0,48.0,,1500.0,1.0,30004979,RP100H-2448SRW/P-ST,9-36,48,2.25KV,RP100H-RW,4.0
140,187,VHK100W-Q24-S48,vhk100w,,RP100H-RW,63,9.0,36.0,48.0,,1500.0,1.0,30004578,RP100H-2448SRW/N-HC,9-36,48,2.25KV,RP100H-RW,4.0
141,187,VHK100W-Q24-S48,vhk100w,,RP100H-RW,63,9.0,36.0,48.0,,1500.0,1.0,30004583,RP100H-2448SRW/P,9-36,48,2.25KV,RP100H-RW,4.0
142,187,VHK100W-Q24-S48,vhk100w,,RP100H-RW,63,9.0,36.0,48.0,,1500.0,1.0,30004588,RP100H-2448SRW/P-HC,9-36,48,2.25KV,RP100H-RW,4.0
143,190,VHK100W-Q24-S24,vhk100w,,RP100H-RW,63,9.0,36.0,24.0,,1500.0,1.0,30004577,RP100H-2424SRW/N-HC,9-36,24,2.25KV,RP100H-RW,4.0
144,190,VHK100W-Q24-S24,vhk100w,,RP100H-RW,63,9.0,36.0,24.0,,1500.0,1.0,30004582,RP100H-2424SRW/P,9-36,24,2.25KV,RP100H-RW,4.0
145,190,VHK100W-Q24-S24,vhk100w,,RP100H-RW,63,9.0,36.0,24.0,,1500.0,1.0,21000411,RP100H-2424SRW/P-HC-X9,9-36,24,2.25KV,RP100H-RW,4.0
146,190,VHK100W-Q24-S24,vhk100w,,RP100H-RW,63,9.0,36.0,24.0,,1500.0,1.0,30004572,RP100H-2424SRW/N,9-36,24,2.25KV,RP100H-RW,4.0
147,190,VHK100W-Q24-S24,vhk100w,,RP100H-RW,63,9.0,36.0,24.0,,1500.0,1.0,30004587,RP100H-2424SRW/P-HC,9-36,24,2.25KV,RP100H-RW,4.0
148,191,VHK100W-Q24-S15,vhk100w,,RP100H-RW,63,9.0,36.0,15.0,,1500.0,1.0,30004581,RP100H-2415SRW/P,9-36,15,2.25KV,RP100H-RW,4.0
149,191,VHK100W-Q24-S15,vhk100w,,RP100H-RW,63,9.0,36.0,15.0,,1500.0,1.0,30004586,RP100H-2415SRW/P-HC,9-36,15,2.25KV,RP100H-RW,4.0
150,191,VHK100W-Q24-S15,vhk100w,,RP100H-RW,63,9.0,36.0,15.0,,1500.0,1.0,30004571,RP100H-2415SRW/N,9-36,15,2.25KV,RP100H-RW,4.0
151,191,VHK100W-Q24-S15,vhk100w,,RP100H-RW,63,9.0,36.0,15.0,,1500.0,1.0,30004576,RP100H-2415SRW/N-HC,9-36,15,2.25KV,RP100H-RW,4.0
152,192,VHK100W-Q24-S12,vhk100w,,RP100H-RW,63,9.0,36.0,12.0,,1500.0,1.0,30004575,RP100H-2412SRW/N-HC,9-36,12,2.25KV,RP100H-RW,4.0
153,192,VHK100W-Q24-S12,vhk100w,,RP100H-RW,63,9.0,36.0,12.0,,1500.0,1.0,30004580,RP100H-2412SRW/P,9-36,12,2.25KV,RP100H-RW,4.0
154,192,VHK100W-Q24-S12,vhk100w,,RP100H-RW,63,9.0,36.0,12.0,,1500.0,1.0,30004585,RP100H-2412SRW/P-HC,9-36,12,2.25KV,RP100H-RW,4.0
155,192,VHK100W-Q24-S12,vhk100w,,RP100H-RW,63,9.0,36.0,12.0,,1500.0,1.0,30004570,RP100H-2412SRW/N,9-36,12,2.25KV,RP100H-RW,4.0
156,193,VHB75W-Q24-S5,vhb75w,,RP75H-RW,64,9.0,36.0,5.0,,1500.0,1.0,30004459,RP75H-2405SRW/P,9-36,05,2.25KV,RP75H-RW,4.0
157,193,VHB75W-Q24-S5,vhb75w,,RP75H-RW,64,9.0,36.0,5.0,,1500.0,1.0,30004464,RP75H-2405SRW/P-HC,9-36,05,2.25KV,RP75H-RW,4.0
158,193,VHB75W-Q24-S5,vhb75w,,RP75H-RW,64,9.0,36.0,5.0,,1500.0,1.0,30004454,RP75H-2405SRW/N-HC,9-36,05,2.25KV,RP75H-RW,4.0
159,193,VHB75W-Q24-S5,vhb75w,,RP75H-RW,64,9.0,36.0,5.0,,1500.0,1.0,30004449,RP75H-2405SRW/N,9-36,05,2.25KV,RP75H-RW,4.0
160,194,VHB75W-Q24-S48,vhb75w,,RP75H-RW,64,9.0,36.0,48.0,,1500.0,1.0,30004463,RP75H-2448SRW/P,9-36,48,2.25KV,RP75H-RW,4.0
161,194,VHB75W-Q24-S48,vhb75w,,RP75H-RW,64,9.0,36.0,48.0,,1500.0,1.0,30004458,RP75H-2448SRW/N-HC,9-36,48,2.25KV,RP75H-RW,4.0
162,194,VHB75W-Q24-S48,vhb75w,,RP75H-RW,64,9.0,36.0,48.0,,1500.0,1.0,30004453,RP75H-2448SRW/N,9-36,48,2.25KV,RP75H-RW,4.0
163,194,VHB75W-Q24-S48,vhb75w,,RP75H-RW,64,9.0,36.0,48.0,,1500.0,1.0,30004468,RP75H-2448SRW/P-HC,9-36,48,2.25KV,RP75H-RW,4.0
164,196,VHB75W-Q24-S24,vhb75w,,RP75H-RW,64,9.0,36.0,24.0,,1500.0,1.0,30004457,RP75H-2424SRW/N-HC,9-36,24,2.25KV,RP75H-RW,4.0
165,196,VHB75W-Q24-S24,vhb75w,,RP75H-RW,64,9.0,36.0,24.0,,1500.0,1.0,30004462,RP75H-2424SRW/P,9-36,24,2.25KV,RP75H-RW,4.0
166,196,VHB75W-Q24-S24,vhb75w,,RP75H-RW,64,9.0,36.0,24.0,,1500.0,1.0,30004467,RP75H-2424SRW/P-HC,9-36,24,2.25KV,RP75H-RW,4.0
167,196,VHB75W-Q24-S24,vhb75w,,RP75H-RW,64,9.0,36.0,24.0,,1500.0,1.0,30004452,RP75H-2424SRW/N,9-36,24,2.25KV,RP75H-RW,4.0
168,196,VHB75W-Q24-S24,vhb75w,,RP75H-RW,64,9.0,36.0,24.0,,1500.0,1.0,21000408,KES-RP75H-2424SRW/P,9-36,24,2.25KV,KES-RP75H-RW,4.0
169,197,VHB75W-Q24-S15,vhb75w,,RP75H-RW,64,9.0,36.0,15.0,,1500.0,1.0,30004466,RP75H-2415SRW/P-HC,9-36,15,2.25KV,RP75H-RW,4.0
170,197,VHB75W-Q24-S15,vhb75w,,RP75H-RW,64,9.0,36.0,15.0,,1500.0,1.0,30004456,RP75H-2415SRW/N-HC,9-36,15,2.25KV,RP75H-RW,4.0
171,197,VHB75W-Q24-S15,vhb75w,,RP75H-RW,64,9.0,36.0,15.0,,1500.0,1.0,30004461,RP75H-2415SRW/P,9-36,15,2.25KV,RP75H-RW,4.0
172,197,VHB75W-Q24-S15,vhb75w,,RP75H-RW,64,9.0,36.0,15.0,,1500.0,1.0,30004451,RP75H-2415SRW/N,9-36,15,2.25KV,RP75H-RW,4.0
173,198,VHB75W-Q24-S12,vhb75w,,RP75H-RW,64,9.0,36.0,12.0,,1500.0,1.0,30004460,RP75H-2412SRW/P,9-36,12,2.25KV,RP75H-RW,4.0
174,198,VHB75W-Q24-S12,vhb75w,,RP75H-RW,64,9.0,36.0,12.0,,1500.0,1.0,30004465,RP75H-2412SRW/P-HC,9-36,12,2.25KV,RP75H-RW,4.0
175,198,VHB75W-Q24-S12,vhb75w,,RP75H-RW,64,9.0,36.0,12.0,,1500.0,1.0,30004450,RP75H-2412SRW/N,9-36,12,2.25KV,RP75H-RW,4.0
176,198,VHB75W-Q24-S12,vhb75w,,RP75H-RW,64,9.0,36.0,12.0,,1500.0,1.0,30004455,RP75H-2412SRW/N-HC,9-36,12,2.25KV,RP75H-RW,4.0
177,199,VHB50W-Q24-S5,vhb50w,,RP75H-RW,64,9.0,36.0,5.0,,1500.0,1.0,30004459,RP75H-2405SRW/P,9-36,05,2.25KV,RP75H-RW,4.0
178,199,VHB50W-Q24-S5,vhb50w,,RP75H-RW,64,9.0,36.0,5.0,,1500.0,1.0,30004464,RP75H-2405SRW/P-HC,9-36,05,2.25KV,RP75H-RW,4.0
179,199,VHB50W-Q24-S5,vhb50w,,RP75H-RW,64,9.0,36.0,5.0,,1500.0,1.0,30004454,RP75H-2405SRW/N-HC,9-36,05,2.25KV,RP75H-RW,4.0
180,199,VHB50W-Q24-S5,vhb50w,,RP75H-RW,64,9.0,36.0,5.0,,1500.0,1.0,30004449,RP75H-2405SRW/N,9-36,05,2.25KV,RP75H-RW,4.0
181,200,VHB50W-Q24-S48,vhb50w,,RP75H-RW,64,9.0,36.0,48.0,,1500.0,1.0,30004463,RP75H-2448SRW/P,9-36,48,2.25KV,RP75H-RW,4.0
182,200,VHB50W-Q24-S48,vhb50w,,RP75H-RW,64,9.0,36.0,48.0,,1500.0,1.0,30004458,RP75H-2448SRW/N-HC,9-36,48,2.25KV,RP75H-RW,4.0
183,200,VHB50W-Q24-S48,vhb50w,,RP75H-RW,64,9.0,36.0,48.0,,1500.0,1.0,30004453,RP75H-2448SRW/N,9-36,48,2.25KV,RP75H-RW,4.0
184,200,VHB50W-Q24-S48,vhb50w,,RP75H-RW,64,9.0,36.0,48.0,,1500.0,1.0,30004468,RP75H-2448SRW/P-HC,9-36,48,2.25KV,RP75H-RW,4.0
185,203,VHB50W-Q24-S24,vhb50w,,RP75H-RW,64,9.0,36.0,24.0,,1500.0,1.0,30004457,RP75H-2424SRW/N-HC,9-36,24,2.25KV,RP75H-RW,4.0
186,203,VHB50W-Q24-S24,vhb50w,,RP75H-RW,64,9.0,36.0,24.0,,1500.0,1.0,30004462,RP75H-2424SRW/P,9-36,24,2.25KV,RP75H-RW,4.0
187,203,VHB50W-Q24-S24,vhb50w,,RP75H-RW,64,9.0,36.0,24.0,,1500.0,1.0,30004467,RP75H-2424SRW/P-HC,9-36,24,2.25KV,RP75H-RW,4.0
188,203,VHB50W-Q24-S24,vhb50w,,RP75H-RW,64,9.0,36.0,24.0,,1500.0,1.0,30004452,RP75H-2424SRW/N,9-36,24,2.25KV,RP75H-RW,4.0
189,203,VHB50W-Q24-S24,vhb50w,,RP75H-RW,64,9.0,36.0,24.0,,1500.0,1.0,21000408,KES-RP75H-2424SRW/P,9-36,24,2.25KV,KES-RP75H-RW,4.0
190,204,VHB50W-Q24-S15,vhb50w,,RP75H-RW,64,9.0,36.0,15.0,,1500.0,1.0,30004466,RP75H-2415SRW/P-HC,9-36,15,2.25KV,RP75H-RW,4.0
191,204,VHB50W-Q24-S15,vhb50w,,RP75H-RW,64,9.0,36.0,15.0,,1500.0,1.0,30004456,RP75H-2415SRW/N-HC,9-36,15,2.25KV,RP75H-RW,4.0
192,204,VHB50W-Q24-S15,vhb50w,,RP75H-RW,64,9.0,36.0,15.0,,1500.0,1.0,30004461,RP75H-2415SRW/P,9-36,15,2.25KV,RP75H-RW,4.0
193,204,VHB50W-Q24-S15,vhb50w,,RP75H-RW,64,9.0,36.0,15.0,,1500.0,1.0,30004451,RP75H-2415SRW/N,9-36,15,2.25KV,RP75H-RW,4.0
194,205,VHB50W-Q24-S12,vhb50w,,RP75H-RW,64,9.0,36.0,12.0,,1500.0,1.0,30004460,RP75H-2412SRW/P,9-36,12,2.25KV,RP75H-RW,4.0
195,205,VHB50W-Q24-S12,vhb50w,,RP75H-RW,64,9.0,36.0,12.0,,1500.0,1.0,30004465,RP75H-2412SRW/P-HC,9-36,12,2.25KV,RP75H-RW,4.0
196,205,VHB50W-Q24-S12,vhb50w,,RP75H-RW,64,9.0,36.0,12.0,,1500.0,1.0,30004450,RP75H-2412SRW/N,9-36,12,2.25KV,RP75H-RW,4.0
197,205,VHB50W-Q24-S12,vhb50w,,RP75H-RW,64,9.0,36.0,12.0,,1500.0,1.0,30004455,RP75H-2412SRW/N-HC,9-36,12,2.25KV,RP75H-RW,4.0
198,207,VHB150W-Q24-S48,vhb150w,,REC150H-UW,6,9.0,36.0,48.0,,1500.0,1.0,21000493,REC150H-4848SUW,9-75,48,2.5KV,REC150H-UW,2.0
199,209,VHB150W-Q24-S28,vhb150w,,REC150H-UW,6,9.0,36.0,28.0,,1500.0,1.0,21000492,REC150H-4828SUW,9-75,28,2.5KV,REC150H-UW,2.0
200,210,VHB150W-Q24-S24,vhb150w,,REC150H-UW,6,9.0,36.0,24.0,,1500.0,1.0,21000491,REC150H-4824SUW,9-75,24,2.5KV,REC150H-UW,2.0
201,212,VHB150W-Q24-S12,vhb150w,,REC150H-UW,6,9.0,36.0,12.0,,1500.0,1.0,21000490,REC150H-4812SUW,9-75,12,2.5KV,REC150H-UW,2.0
202,265,VHK200W-Q24-S48,vhk200w,,"RP240H-RW,REC300H-W",67,10.0,36.0,48.0,,1500.0,1.0,30004757,RP240H-2448SRW/N-HC,9-36,48,2.25KV,RP240H-RW,2.0
203,265,VHK200W-Q24-S48,vhk200w,,"RP240H-RW,REC300H-W",67,10.0,36.0,48.0,,1500.0,1.0,30004762,RP240H-2448SRW/P,9-36,48,2.25KV,RP240H-RW,2.0
204,265,VHK200W-Q24-S48,vhk200w,,"RP240H-RW,REC300H-W",67,10.0,36.0,48.0,,1500.0,1.0,30004752,RP240H-2448SRW/N,9-36,48,2.25KV,RP240H-RW,2.0
205,265,VHK200W-Q24-S48,vhk200w,,"RP240H-RW,REC300H-W",67,10.0,36.0,48.0,,1500.0,1.0,30004767,RP240H-2448SRW/P-HC,9-36,48,2.25KV,RP240H-RW,2.0
206,265,VHK200W-Q24-S48,vhk200w,,"RP240H-RW,REC300H-W",67,10.0,36.0,48.0,,1500.0,1.0,21000498,REC300H-2448SW,9-36,48,3KV,REC300H-W,2.0
207,267,VHK200W-Q24-S24,vhk200w,,"RP240H-RW,REC300H-W",67,10.0,36.0,24.0,,1500.0,1.0,30004766,RP240H-2424SRW/P-HC,9-36,24,2.25KV,RP240H-RW,2.0
208,267,VHK200W-Q24-S24,vhk200w,,"RP240H-RW,REC300H-W",67,10.0,36.0,24.0,,1500.0,1.0,30004751,RP240H-2424SRW/N,9-36,24,2.25KV,RP240H-RW,2.0
209,267,VHK200W-Q24-S24,vhk200w,,"RP240H-RW,REC300H-W",67,10.0,36.0,24.0,,1500.0,1.0,30004761,RP240H-2424SRW/P,9-36,24,2.25KV,RP240H-RW,2.0
210,267,VHK200W-Q24-S24,vhk200w,,"RP240H-RW,REC300H-W",67,10.0,36.0,24.0,,1500.0,1.0,30004756,RP240H-2424SRW/N-HC,9-36,24,2.25KV,RP240H-RW,2.0
211,267,VHK200W-Q24-S24,vhk200w,,"RP240H-RW,REC300H-W",67,10.0,36.0,24.0,,1500.0,1.0,21000497,REC300H-2424SW,9-36,24,3KV,REC300H-W,2.0
212,268,VHK200W-Q24-S15,vhk200w,,"RP240H-RW,REC300H-W",67,10.0,36.0,15.0,,1500.0,1.0,30004765,RP240H-2415SRW/P-HC,9-36,15,2.25KV,RP240H-RW,2.0
213,268,VHK200W-Q24-S15,vhk200w,,"RP240H-RW,REC300H-W",67,10.0,36.0,15.0,,1500.0,1.0,30004760,RP240H-2415SRW/P,9-36,15,2.25KV,RP240H-RW,2.0
214,268,VHK200W-Q24-S15,vhk200w,,"RP240H-RW,REC300H-W",67,10.0,36.0,15.0,,1500.0,1.0,30004755,RP240H-2415SRW/N-HC,9-36,15,2.25KV,RP240H-RW,2.0
215,268,VHK200W-Q24-S15,vhk200w,,"RP240H-RW,REC300H-W",67,10.0,36.0,15.0,,1500.0,1.0,30004750,RP240H-2415SRW/N,9-36,15,2.25KV,RP240H-RW,2.0
216,268,VHK200W-Q24-S15,vhk200w,,"RP240H-RW,REC300H-W",67,10.0,36.0,15.0,,1500.0,1.0,21000496,REC300H-2415SW,9-36,15,3KV,REC300H-W,2.0
217,269,VHK200W-Q24-S12,vhk200w,,"RP240H-RW,REC300H-W",67,10.0,36.0,12.0,,1500.0,1.0,30004764,RP240H-2412SRW/P-HC,9-36,12,2.25KV,RP240H-RW,2.0
218,269,VHK200W-Q24-S12,vhk200w,,"RP240H-RW,REC300H-W",67,10.0,36.0,12.0,,1500.0,1.0,30004754,RP240H-2412SRW/N-HC,9-36,12,2.25KV,RP240H-RW,2.0
219,269,VHK200W-Q24-S12,vhk200w,,"RP240H-RW,REC300H-W",67,10.0,36.0,12.0,,1500.0,1.0,30004759,RP240H-2412SRW/P,9-36,12,2.25KV,RP240H-RW,2.0
220,269,VHK200W-Q24-S12,vhk200w,,"RP240H-RW,REC300H-W",67,10.0,36.0,12.0,,1500.0,1.0,30004749,RP240H-2412SRW/N,9-36,12,2.25KV,RP240H-RW,2.0
221,269,VHK200W-Q24-S12,vhk200w,,"RP240H-RW,REC300H-W",67,10.0,36.0,12.0,,1500.0,1.0,21000495,REC300H-2412SW,9-36,12,3KV,REC300H-W,2.0
222,270,VHB200W-Q24-S5,vhb200w,,"RP240H-RW,REC300H-W",67,10.0,36.0,5.0,,1500.0,1.0,30004748,RP240H-2405SRW/N,9-36,05,2.25KV,RP240H-RW,2.0
223,270,VHB200W-Q24-S5,vhb200w,,"RP240H-RW,REC300H-W",67,10.0,36.0,5.0,,1500.0,1.0,30004763,RP240H-2405SRW/P-HC,9-36,05,2.25KV,RP240H-RW,2.0
224,270,VHB200W-Q24-S5,vhb200w,,"RP240H-RW,REC300H-W",67,10.0,36.0,5.0,,1500.0,1.0,30004758,RP240H-2405SRW/P,9-36,05,2.25KV,RP240H-RW,2.0
225,270,VHB200W-Q24-S5,vhb200w,,"RP240H-RW,REC300H-W",67,10.0,36.0,5.0,,1500.0,1.0,30004753,RP240H-2405SRW/N-HC,9-36,05,2.25KV,RP240H-RW,2.0
226,271,VHB200W-Q24-S48,vhb200w,,"RP240H-RW,REC300H-W",67,10.0,36.0,48.0,,1500.0,1.0,30004757,RP240H-2448SRW/N-HC,9-36,48,2.25KV,RP240H-RW,2.0
227,271,VHB200W-Q24-S48,vhb200w,,"RP240H-RW,REC300H-W",67,10.0,36.0,48.0,,1500.0,1.0,30004762,RP240H-2448SRW/P,9-36,48,2.25KV,RP240H-RW,2.0
228,271,VHB200W-Q24-S48,vhb200w,,"RP240H-RW,REC300H-W",67,10.0,36.0,48.0,,1500.0,1.0,30004752,RP240H-2448SRW/N,9-36,48,2.25KV,RP240H-RW,2.0
229,271,VHB200W-Q24-S48,vhb200w,,"RP240H-RW,REC300H-W",67,10.0,36.0,48.0,,1500.0,1.0,30004767,RP240H-2448SRW/P-HC,9-36,48,2.25KV,RP240H-RW,2.0
230,271,VHB200W-Q24-S48,vhb200w,,"RP240H-RW,REC300H-W",67,10.0,36.0,48.0,,1500.0,1.0,21000498,REC300H-2448SW,9-36,48,3KV,REC300H-W,2.0
231,274,VHB200W-Q24-S24,vhb200w,,"RP240H-RW,REC300H-W",67,10.0,36.0,24.0,,1500.0,1.0,30004766,RP240H-2424SRW/P-HC,9-36,24,2.25KV,RP240H-RW,2.0
232,274,VHB200W-Q24-S24,vhb200w,,"RP240H-RW,REC300H-W",67,10.0,36.0,24.0,,1500.0,1.0,30004751,RP240H-2424SRW/N,9-36,24,2.25KV,RP240H-RW,2.0
233,274,VHB200W-Q24-S24,vhb200w,,"RP240H-RW,REC300H-W",67,10.0,36.0,24.0,,1500.0,1.0,30004761,RP240H-2424SRW/P,9-36,24,2.25KV,RP240H-RW,2.0
234,274,VHB200W-Q24-S24,vhb200w,,"RP240H-RW,REC300H-W",67,10.0,36.0,24.0,,1500.0,1.0,30004756,RP240H-2424SRW/N-HC,9-36,24,2.25KV,RP240H-RW,2.0
235,274,VHB200W-Q24-S24,vhb200w,,"RP240H-RW,REC300H-W",67,10.0,36.0,24.0,,1500.0,1.0,21000497,REC300H-2424SW,9-36,24,3KV,REC300H-W,2.0
236,275,VHB200W-Q24-S15,vhb200w,,"RP240H-RW,REC300H-W",67,10.0,36.0,15.0,,1500.0,1.0,30004765,RP240H-2415SRW/P-HC,9-36,15,2.25KV,RP240H-RW,2.0
237,275,VHB200W-Q24-S15,vhb200w,,"RP240H-RW,REC300H-W",67,10.0,36.0,15.0,,1500.0,1.0,30004760,RP240H-2415SRW/P,9-36,15,2.25KV,RP240H-RW,2.0
238,275,VHB200W-Q24-S15,vhb200w,,"RP240H-RW,REC300H-W",67,10.0,36.0,15.0,,1500.0,1.0,30004755,RP240H-2415SRW/N-HC,9-36,15,2.25KV,RP240H-RW,2.0
239,275,VHB200W-Q24-S15,vhb200w,,"RP240H-RW,REC300H-W",67,10.0,36.0,15.0,,1500.0,1.0,30004750,RP240H-2415SRW/N,9-36,15,2.25KV,RP240H-RW,2.0
240,275,VHB200W-Q24-S15,vhb200w,,"RP240H-RW,REC300H-W",67,10.0,36.0,15.0,,1500.0,1.0,21000496,REC300H-2415SW,9-36,15,3KV,REC300H-W,2.0
241,276,VHB200W-Q24-S12,vhb200w,,"RP240H-RW,REC300H-W",67,10.0,36.0,12.0,,1500.0,1.0,30004764,RP240H-2412SRW/P-HC,9-36,12,2.25KV,RP240H-RW,2.0
242,276,VHB200W-Q24-S12,vhb200w,,"RP240H-RW,REC300H-W",67,10.0,36.0,12.0,,1500.0,1.0,30004754,RP240H-2412SRW/N-HC,9-36,12,2.25KV,RP240H-RW,2.0
243,276,VHB200W-Q24-S12,vhb200w,,"RP240H-RW,REC300H-W",67,10.0,36.0,12.0,,1500.0,1.0,30004759,RP240H-2412SRW/P,9-36,12,2.25KV,RP240H-RW,2.0
244,276,VHB200W-Q24-S12,vhb200w,,"RP240H-RW,REC300H-W",67,10.0,36.0,12.0,,1500.0,1.0,30004749,RP240H-2412SRW/N,9-36,12,2.25KV,RP240H-RW,2.0
245,276,VHB200W-Q24-S12,vhb200w,,"RP240H-RW,REC300H-W",67,10.0,36.0,12.0,,1500.0,1.0,21000495,REC300H-2412SW,9-36,12,3KV,REC300H-W,2.0
246,280,PCN2-S12-D15-S,pcn2-s,,RKZE,113,10.8,13.2,15.0,-15.0,1000.0,2.0,10019110,RKZE-1215D,12,+/-15,3KV,RKZE,4.0
247,280,PCN2-S12-D15-S,pcn2-s,,RKZE,113,10.8,13.2,15.0,-15.0,1000.0,2.0,10019111,RKZE-1215D/H,12,+/-15,4KV,RKZE,4.0
248,280,PCN2-S12-D15-S,pcn2-s,,RKZE,113,10.8,13.2,15.0,-15.0,1000.0,2.0,10019112,RKZE-1215D/P,12,+/-15,3KV,RKZE,4.0
249,280,PCN2-S12-D15-S,pcn2-s,,RKZE,113,10.8,13.2,15.0,-15.0,1000.0,2.0,10019113,RKZE-1215D/HP,12,+/-15,4KV,RKZE,4.0
250,281,PCN2-S12-D12-S,pcn2-s,,RKZE,113,10.8,13.2,12.0,-12.0,1000.0,2.0,10019094,RKZE-1212D,12,+/-12,3KV,RKZE,4.0
251,281,PCN2-S12-D12-S,pcn2-s,,RKZE,113,10.8,13.2,12.0,-12.0,1000.0,2.0,10019095,RKZE-1212D/H,12,+/-12,4KV,RKZE,4.0
252,281,PCN2-S12-D12-S,pcn2-s,,RKZE,113,10.8,13.2,12.0,-12.0,1000.0,2.0,10019096,RKZE-1212D/P,12,+/-12,3KV,RKZE,4.0
253,281,PCN2-S12-D12-S,pcn2-s,,RKZE,113,10.8,13.2,12.0,-12.0,1000.0,2.0,10019097,RKZE-1212D/HP,12,+/-12,4KV,RKZE,4.0
254,282,PCN2-S12-D5-S,pcn2-s,,RKZE,113,10.8,13.2,5.0,-5.0,1000.0,2.0,10019078,RKZE-1205D,12,+/-05,3KV,RKZE,4.0
255,282,PCN2-S12-D5-S,pcn2-s,,RKZE,113,10.8,13.2,5.0,-5.0,1000.0,2.0,10019079,RKZE-1205D/H,12,+/-05,4KV,RKZE,4.0
256,282,PCN2-S12-D5-S,pcn2-s,,RKZE,113,10.8,13.2,5.0,-5.0,1000.0,2.0,10019080,RKZE-1205D/P,12,+/-05,3KV,RKZE,4.0
257,282,PCN2-S12-D5-S,pcn2-s,,RKZE,113,10.8,13.2,5.0,-5.0,1000.0,2.0,10019081,RKZE-1205D/HP,12,+/-05,4KV,RKZE,4.0
258,283,PCN2-S12-S15-S,pcn2-s,,RKZE,113,10.8,13.2,15.0,,1000.0,1.0,10019062,RKZE-1215S,12,15,3KV,RKZE,4.0
259,283,PCN2-S12-S15-S,pcn2-s,,RKZE,113,10.8,13.2,15.0,,1000.0,1.0,10019063,RKZE-1215S/H,12,15,4KV,RKZE,4.0
260,283,PCN2-S12-S15-S,pcn2-s,,RKZE,113,10.8,13.2,15.0,,1000.0,1.0,10019064,RKZE-1215S/P,12,15,3KV,RKZE,4.0
261,283,PCN2-S12-S15-S,pcn2-s,,RKZE,113,10.8,13.2,15.0,,1000.0,1.0,10019065,RKZE-1215S/HP,12,15,4KV,RKZE,4.0
262,284,PCN2-S12-S12-S,pcn2-s,,RKZE,113,10.8,13.2,12.0,,1000.0,1.0,10019046,RKZE-1212S,12,12,3KV,RKZE,4.0
263,284,PCN2-S12-S12-S,pcn2-s,,RKZE,113,10.8,13.2,12.0,,1000.0,1.0,10019047,RKZE-1212S/H,12,12,4KV,RKZE,4.0
264,284,PCN2-S12-S12-S,pcn2-s,,RKZE,113,10.8,13.2,12.0,,1000.0,1.0,10019048,RKZE-1212S/P,12,12,3KV,RKZE,4.0
265,284,PCN2-S12-S12-S,pcn2-s,,RKZE,113,10.8,13.2,12.0,,1000.0,1.0,10019049,RKZE-1212S/HP,12,12,4KV,RKZE,4.0
266,285,PCN2-S12-S5-S,pcn2-s,,RKZE,113,10.8,13.2,5.0,,1000.0,1.0,10019014,RKZE-1205S,12,05,3KV,RKZE,4.0
267,285,PCN2-S12-S5-S,pcn2-s,,RKZE,113,10.8,13.2,5.0,,1000.0,1.0,10019015,RKZE-1205S/H,12,05,4KV,RKZE,4.0
268,285,PCN2-S12-S5-S,pcn2-s,,RKZE,113,10.8,13.2,5.0,,1000.0,1.0,10019016,RKZE-1205S/P,12,05,3KV,RKZE,4.0
269,285,PCN2-S12-S5-S,pcn2-s,,RKZE,113,10.8,13.2,5.0,,1000.0,1.0,10019017,RKZE-1205S/HP,12,05,4KV,RKZE,4.0
270,290,PCSA1-S12-S5-S,pcsa1-s,,ROE,15,10.8,13.2,5.0,,1000.0,1.0,10018046,ROE-1205S,12,05,1KV,ROE,5.0
271,290,PCSA1-S12-S5-S,pcsa1-s,,ROE,15,10.8,13.2,5.0,,1000.0,1.0,10018231,WE-ROE-1205S,12,05,1KV,WE-ROE,5.0
272,296,PCN1-S12-D15-S,pcn1-s,,RB,317,10.8,13.2,15.0,-15.0,1500.0,2.0,10001497,RB-1215D/H,12,+/-15,2KV,RB,4.0
273,296,PCN1-S12-D15-S,pcn1-s,,RB,317,10.8,13.2,15.0,-15.0,1500.0,2.0,10005279,RB-1215D/HP,12,+/-15,2KV,RB,4.0
274,297,PCN1-S12-D12-S,pcn1-s,,RB,317,10.8,13.2,12.0,-12.0,1500.0,2.0,10001496,RB-1212D/H,12,+/-12,2KV,RB,4.0
275,297,PCN1-S12-D12-S,pcn1-s,,RB,317,10.8,13.2,12.0,-12.0,1500.0,2.0,10005276,RB-1212D/HP,12,+/-12,2KV,RB,4.0
276,298,PCN1-S12-D5-S,pcn1-s,,RB,317,10.8,13.2,5.0,-5.0,1500.0,2.0,10001494,RB-1205D/H,12,+/-05,2KV,RB,4.0
277,298,PCN1-S12-D5-S,pcn1-s,,RB,317,10.8,13.2,5.0,-5.0,1500.0,2.0,10005285,RB-1205D/HP,12,+/-05,2KV,RB,4.0
278,299,PCN1-S12-S15-S,pcn1-s,,RB,317,10.8,13.2,15.0,,1500.0,1.0,10001472,RB-1215S/H,12,15,2KV,RB,4.0
279,299,PCN1-S12-S15-S,pcn1-s,,RB,317,10.8,13.2,15.0,,1500.0,1.0,10003909,RB-1215S/HP,12,15,2KV,RB,4.0
280,300,PCN1-S12-S12-S,pcn1-s,,RB,317,10.8,13.2,12.0,,1500.0,1.0,10001471,RB-1212S/H,12,12,2KV,RB,4.0
281,300,PCN1-S12-S12-S,pcn1-s,,RB,317,10.8,13.2,12.0,,1500.0,1.0,10005277,RB-1212S/HP,12,12,2KV,RB,4.0
282,301,PCN1-S12-S5-S,pcn1-s,,RB,317,10.8,13.2,5.0,,1500.0,1.0,10001469,RB-1205S/H,12,05,2KV,RB,4.0
283,301,PCN1-S12-S5-S,pcn1-s,,RB,317,10.8,13.2,5.0,,1500.0,1.0,10005286,RB-1205S/HP,12,05,2KV,RB,4.0
284,442,VHK150W-Q48-S28,vhk150w,,REC150H-UW,6,18.0,75.0,28.0,,1500.0,1.0,21000492,REC150H-4828SUW,9-75,28,2.5KV,REC150H-UW,2.0
285,443,VQE50W-Q48-S48,vqe50w,,RP75H-RW,64,18.0,75.0,48.0,,1500.0,1.0,30004488,RP75H-4848SRW/P-HC,18-75,48,2.25KV,RP75H-RW,4.0
286,443,VQE50W-Q48-S48,vqe50w,,RP75H-RW,64,18.0,75.0,48.0,,1500.0,1.0,30004483,RP75H-4848SRW/P,18-75,48,2.25KV,RP75H-RW,4.0
287,443,VQE50W-Q48-S48,vqe50w,,RP75H-RW,64,18.0,75.0,48.0,,1500.0,1.0,30004478,RP75H-4848SRW/N-HC,18-75,48,2.25KV,RP75H-RW,4.0
288,443,VQE50W-Q48-S48,vqe50w,,RP75H-RW,64,18.0,75.0,48.0,,1500.0,1.0,30004473,RP75H-4848SRW/N,18-75,48,2.25KV,RP75H-RW,4.0
289,444,VQE50W-Q48-S24,vqe50w,,RP75H-RW,64,18.0,75.0,24.0,,1500.0,1.0,30004487,RP75H-4824SRW/P-HC,18-75,24,2.25KV,RP75H-RW,4.0
290,444,VQE50W-Q48-S24,vqe50w,,RP75H-RW,64,18.0,75.0,24.0,,1500.0,1.0,30004472,RP75H-4824SRW/N,18-75,24,2.25KV,RP75H-RW,4.0
291,444,VQE50W-Q48-S24,vqe50w,,RP75H-RW,64,18.0,75.0,24.0,,1500.0,1.0,30004482,RP75H-4824SRW/P,18-75,24,2.25KV,RP75H-RW,4.0
292,444,VQE50W-Q48-S24,vqe50w,,RP75H-RW,64,18.0,75.0,24.0,,1500.0,1.0,30004477,RP75H-4824SRW/N-HC,18-75,24,2.25KV,RP75H-RW,4.0
293,444,VQE50W-Q48-S24,vqe50w,,RP75H-RW,64,18.0,75.0,24.0,,1500.0,1.0,30004847,KES-RP75H-4824SRW/P,18-75,24,2.25KV,KES-RP75H-RW,4.0
294,445,VQE50W-Q48-S15,vqe50w,,RP75H-RW,64,18.0,75.0,15.0,,1500.0,1.0,30004476,RP75H-4815SRW/N-HC,18-75,15,2.25KV,RP75H-RW,4.0
295,445,VQE50W-Q48-S15,vqe50w,,RP75H-RW,64,18.0,75.0,15.0,,1500.0,1.0,30004481,RP75H-4815SRW/P,18-75,15,2.25KV,RP75H-RW,4.0
296,445,VQE50W-Q48-S15,vqe50w,,RP75H-RW,64,18.0,75.0,15.0,,1500.0,1.0,30004471,RP75H-4815SRW/N,18-75,15,2.25KV,RP75H-RW,4.0
297,445,VQE50W-Q48-S15,vqe50w,,RP75H-RW,64,18.0,75.0,15.0,,1500.0,1.0,30004486,RP75H-4815SRW/P-HC,18-75,15,2.25KV,RP75H-RW,4.0
298,446,VQE50W-Q48-S12,vqe50w,,RP75H-RW,64,18.0,75.0,12.0,,1500.0,1.0,30004485,RP75H-4812SRW/P-HC,18-75,12,2.25KV,RP75H-RW,4.0
299,446,VQE50W-Q48-S12,vqe50w,,RP75H-RW,64,18.0,75.0,12.0,,1500.0,1.0,30004480,RP75H-4812SRW/P,18-75,12,2.25KV,RP75H-RW,4.0
300,446,VQE50W-Q48-S12,vqe50w,,RP75H-RW,64,18.0,75.0,12.0,,1500.0,1.0,30004470,RP75H-4812SRW/N,18-75,12,2.25KV,RP75H-RW,4.0
301,446,VQE50W-Q48-S12,vqe50w,,RP75H-RW,64,18.0,75.0,12.0,,1500.0,1.0,30004475,RP75H-4812SRW/N-HC,18-75,12,2.25KV,RP75H-RW,4.0
302,447,VQE50W-Q48-S5,vqe50w,,RP75H-RW,64,18.0,75.0,5.0,,1500.0,1.0,30004469,RP75H-4805SRW/N,18-75,05,2.25KV,RP75H-RW,4.0
303,447,VQE50W-Q48-S5,vqe50w,,RP75H-RW,64,18.0,75.0,5.0,,1500.0,1.0,30004484,RP75H-4805SRW/P-HC,18-75,05,2.25KV,RP75H-RW,4.0
304,447,VQE50W-Q48-S5,vqe50w,,RP75H-RW,64,18.0,75.0,5.0,,1500.0,1.0,30004479,RP75H-4805SRW/P,18-75,05,2.25KV,RP75H-RW,4.0
305,447,VQE50W-Q48-S5,vqe50w,,RP75H-RW,64,18.0,75.0,5.0,,1500.0,1.0,30004474,RP75H-4805SRW/N-HC,18-75,05,2.25KV,RP75H-RW,4.0
306,449,VQB75W-Q48-S5,vqb75w,,RP90Q-RW,65,18.0,75.0,5.0,,1500.0,1.0,30004539,RP90Q-4805SRW/P,16.5-75,05,2.25KV,RP90Q-RW,2.0
307,449,VQB75W-Q48-S5,vqb75w,,RP90Q-RW,65,18.0,75.0,5.0,,1500.0,1.0,30004544,RP90Q-4805SRW/P-HC,16.5-75,05,2.25KV,RP90Q-RW,2.0
308,449,VQB75W-Q48-S5,vqb75w,,RP90Q-RW,65,18.0,75.0,5.0,,1500.0,1.0,30004529,RP90Q-4805SRW/N,16.5-75,05,2.25KV,RP90Q-RW,2.0
309,449,VQB75W-Q48-S5,vqb75w,,RP90Q-RW,65,18.0,75.0,5.0,,1500.0,1.0,30004534,RP90Q-4805SRW/N-HC,16.5-75,05,2.25KV,RP90Q-RW,2.0
310,451,VQB75W-Q48-S24,vqb75w,,RP90Q-RW,65,18.0,75.0,24.0,,1500.0,1.0,30004542,RP90Q-4824SRW/P,16.5-75,24,2.25KV,RP90Q-RW,2.0
311,451,VQB75W-Q48-S24,vqb75w,,RP90Q-RW,65,18.0,75.0,24.0,,1500.0,1.0,30004547,RP90Q-4824SRW/P-HC,16.5-75,24,2.25KV,RP90Q-RW,2.0
312,451,VQB75W-Q48-S24,vqb75w,,RP90Q-RW,65,18.0,75.0,24.0,,1500.0,1.0,30004532,RP90Q-4824SRW/N,16.5-75,24,2.25KV,RP90Q-RW,2.0
313,451,VQB75W-Q48-S24,vqb75w,,RP90Q-RW,65,18.0,75.0,24.0,,1500.0,1.0,30004537,RP90Q-4824SRW/N-HC,16.5-75,24,2.25KV,RP90Q-RW,2.0
314,451,VQB75W-Q48-S24,vqb75w,,RP90Q-RW,65,18.0,75.0,24.0,,1500.0,1.0,21000431,KES-RP90Q-4824SRW/P,16.5-75,24,2.25KV,KES-RP90Q-RW,2.0
315,452,VQB75W-Q48-S15,vqb75w,,RP90Q-RW,65,18.0,75.0,15.0,,1500.0,1.0,30004541,RP90Q-4815SRW/P,16.5-75,15,2.25KV,RP90Q-RW,2.0
316,452,VQB75W-Q48-S15,vqb75w,,RP90Q-RW,65,18.0,75.0,15.0,,1500.0,1.0,30004546,RP90Q-4815SRW/P-HC,16.5-75,15,2.25KV,RP90Q-RW,2.0
317,452,VQB75W-Q48-S15,vqb75w,,RP90Q-RW,65,18.0,75.0,15.0,,1500.0,1.0,30004531,RP90Q-4815SRW/N,16.5-75,15,2.25KV,RP90Q-RW,2.0
318,452,VQB75W-Q48-S15,vqb75w,,RP90Q-RW,65,18.0,75.0,15.0,,1500.0,1.0,30004536,RP90Q-4815SRW/N-HC,16.5-75,15,2.25KV,RP90Q-RW,2.0
319,453,VQB75W-Q48-S12,vqb75w,,RP90Q-RW,65,18.0,75.0,12.0,,1500.0,1.0,30004540,RP90Q-4812SRW/P,16.5-75,12,2.25KV,RP90Q-RW,2.0
320,453,VQB75W-Q48-S12,vqb75w,,RP90Q-RW,65,18.0,75.0,12.0,,1500.0,1.0,30004545,RP90Q-4812SRW/P-HC,16.5-75,12,2.25KV,RP90Q-RW,2.0
321,453,VQB75W-Q48-S12,vqb75w,,RP90Q-RW,65,18.0,75.0,12.0,,1500.0,1.0,30004530,RP90Q-4812SRW/N,16.5-75,12,2.25KV,RP90Q-RW,2.0
322,453,VQB75W-Q48-S12,vqb75w,,RP90Q-RW,65,18.0,75.0,12.0,,1500.0,1.0,30004535,RP90Q-4812SRW/N-HC,16.5-75,12,2.25KV,RP90Q-RW,2.0
323,454,VHK75W-Q48-S5,vhk75w,,RP75H-RW,64,18.0,75.0,5.0,,1500.0,1.0,30004469,RP75H-4805SRW/N,18-75,05,2.25KV,RP75H-RW,4.0
324,454,VHK75W-Q48-S5,vhk75w,,RP75H-RW,64,18.0,75.0,5.0,,1500.0,1.0,30004484,RP75H-4805SRW/P-HC,18-75,05,2.25KV,RP75H-RW,4.0
325,454,VHK75W-Q48-S5,vhk75w,,RP75H-RW,64,18.0,75.0,5.0,,1500.0,1.0,30004479,RP75H-4805SRW/P,18-75,05,2.25KV,RP75H-RW,4.0
326,454,VHK75W-Q48-S5,vhk75w,,RP75H-RW,64,18.0,75.0,5.0,,1500.0,1.0,30004474,RP75H-4805SRW/N-HC,18-75,05,2.25KV,RP75H-RW,4.0
327,455,VHK75W-Q48-S48,vhk75w,,RP75H-RW,64,18.0,75.0,48.0,,1500.0,1.0,30004488,RP75H-4848SRW/P-HC,18-75,48,2.25KV,RP75H-RW,4.0
328,455,VHK75W-Q48-S48,vhk75w,,RP75H-RW,64,18.0,75.0,48.0,,1500.0,1.0,30004483,RP75H-4848SRW/P,18-75,48,2.25KV,RP75H-RW,4.0
329,455,VHK75W-Q48-S48,vhk75w,,RP75H-RW,64,18.0,75.0,48.0,,1500.0,1.0,30004478,RP75H-4848SRW/N-HC,18-75,48,2.25KV,RP75H-RW,4.0
330,455,VHK75W-Q48-S48,vhk75w,,RP75H-RW,64,18.0,75.0,48.0,,1500.0,1.0,30004473,RP75H-4848SRW/N,18-75,48,2.25KV,RP75H-RW,4.0
331,457,VHK75W-Q48-S24,vhk75w,,RP75H-RW,64,18.0,75.0,24.0,,1500.0,1.0,30004487,RP75H-4824SRW/P-HC,18-75,24,2.25KV,RP75H-RW,4.0
332,457,VHK75W-Q48-S24,vhk75w,,RP75H-RW,64,18.0,75.0,24.0,,1500.0,1.0,30004472,RP75H-4824SRW/N,18-75,24,2.25KV,RP75H-RW,4.0
333,457,VHK75W-Q48-S24,vhk75w,,RP75H-RW,64,18.0,75.0,24.0,,1500.0,1.0,30004482,RP75H-4824SRW/P,18-75,24,2.25KV,RP75H-RW,4.0
334,457,VHK75W-Q48-S24,vhk75w,,RP75H-RW,64,18.0,75.0,24.0,,1500.0,1.0,30004477,RP75H-4824SRW/N-HC,18-75,24,2.25KV,RP75H-RW,4.0
335,457,VHK75W-Q48-S24,vhk75w,,RP75H-RW,64,18.0,75.0,24.0,,1500.0,1.0,30004847,KES-RP75H-4824SRW/P,18-75,24,2.25KV,KES-RP75H-RW,4.0
336,458,VHK75W-Q48-S15,vhk75w,,RP75H-RW,64,18.0,75.0,15.0,,1500.0,1.0,30004476,RP75H-4815SRW/N-HC,18-75,15,2.25KV,RP75H-RW,4.0
337,458,VHK75W-Q48-S15,vhk75w,,RP75H-RW,64,18.0,75.0,15.0,,1500.0,1.0,30004481,RP75H-4815SRW/P,18-75,15,2.25KV,RP75H-RW,4.0
338,458,VHK75W-Q48-S15,vhk75w,,RP75H-RW,64,18.0,75.0,15.0,,1500.0,1.0,30004471,RP75H-4815SRW/N,18-75,15,2.25KV,RP75H-RW,4.0
339,458,VHK75W-Q48-S15,vhk75w,,RP75H-RW,64,18.0,75.0,15.0,,1500.0,1.0,30004486,RP75H-4815SRW/P-HC,18-75,15,2.25KV,RP75H-RW,4.0
340,459,VHK75W-Q48-S12,vhk75w,,RP75H-RW,64,18.0,75.0,12.0,,1500.0,1.0,30004485,RP75H-4812SRW/P-HC,18-75,12,2.25KV,RP75H-RW,4.0
341,459,VHK75W-Q48-S12,vhk75w,,RP75H-RW,64,18.0,75.0,12.0,,1500.0,1.0,30004480,RP75H-4812SRW/P,18-75,12,2.25KV,RP75H-RW,4.0
342,459,VHK75W-Q48-S12,vhk75w,,RP75H-RW,64,18.0,75.0,12.0,,1500.0,1.0,30004470,RP75H-4812SRW/N,18-75,12,2.25KV,RP75H-RW,4.0
343,459,VHK75W-Q48-S12,vhk75w,,RP75H-RW,64,18.0,75.0,12.0,,1500.0,1.0,30004475,RP75H-4812SRW/N-HC,18-75,12,2.25KV,RP75H-RW,4.0
344,460,VHK50W-Q48-S5,vhk50w,,RP75H-RW,64,18.0,75.0,5.0,,1500.0,1.0,30004469,RP75H-4805SRW/N,18-75,05,2.25KV,RP75H-RW,4.0
345,460,VHK50W-Q48-S5,vhk50w,,RP75H-RW,64,18.0,75.0,5.0,,1500.0,1.0,30004484,RP75H-4805SRW/P-HC,18-75,05,2.25KV,RP75H-RW,4.0
346,460,VHK50W-Q48-S5,vhk50w,,RP75H-RW,64,18.0,75.0,5.0,,1500.0,1.0,30004479,RP75H-4805SRW/P,18-75,05,2.25KV,RP75H-RW,4.0
347,460,VHK50W-Q48-S5,vhk50w,,RP75H-RW,64,18.0,75.0,5.0,,1500.0,1.0,30004474,RP75H-4805SRW/N-HC,18-75,05,2.25KV,RP75H-RW,4.0
348,461,VHK50W-Q48-S48,vhk50w,,RP75H-RW,64,18.0,75.0,48.0,,1500.0,1.0,30004488,RP75H-4848SRW/P-HC,18-75,48,2.25KV,RP75H-RW,4.0
349,461,VHK50W-Q48-S48,vhk50w,,RP75H-RW,64,18.0,75.0,48.0,,1500.0,1.0,30004483,RP75H-4848SRW/P,18-75,48,2.25KV,RP75H-RW,4.0
350,461,VHK50W-Q48-S48,vhk50w,,RP75H-RW,64,18.0,75.0,48.0,,1500.0,1.0,30004478,RP75H-4848SRW/N-HC,18-75,48,2.25KV,RP75H-RW,4.0
351,461,VHK50W-Q48-S48,vhk50w,,RP75H-RW,64,18.0,75.0,48.0,,1500.0,1.0,30004473,RP75H-4848SRW/N,18-75,48,2.25KV,RP75H-RW,4.0
352,464,VHK50W-Q48-S24,vhk50w,,RP75H-RW,64,18.0,75.0,24.0,,1500.0,1.0,30004487,RP75H-4824SRW/P-HC,18-75,24,2.25KV,RP75H-RW,4.0
353,464,VHK50W-Q48-S24,vhk50w,,RP75H-RW,64,18.0,75.0,24.0,,1500.0,1.0,30004472,RP75H-4824SRW/N,18-75,24,2.25KV,RP75H-RW,4.0
354,464,VHK50W-Q48-S24,vhk50w,,RP75H-RW,64,18.0,75.0,24.0,,1500.0,1.0,30004482,RP75H-4824SRW/P,18-75,24,2.25KV,RP75H-RW,4.0
355,464,VHK50W-Q48-S24,vhk50w,,RP75H-RW,64,18.0,75.0,24.0,,1500.0,1.0,30004477,RP75H-4824SRW/N-HC,18-75,24,2.25KV,RP75H-RW,4.0
356,464,VHK50W-Q48-S24,vhk50w,,RP75H-RW,64,18.0,75.0,24.0,,1500.0,1.0,30004847,KES-RP75H-4824SRW/P,18-75,24,2.25KV,KES-RP75H-RW,4.0
357,465,VHK50W-Q48-S15,vhk50w,,RP75H-RW,64,18.0,75.0,15.0,,1500.0,1.0,30004476,RP75H-4815SRW/N-HC,18-75,15,2.25KV,RP75H-RW,4.0
358,465,VHK50W-Q48-S15,vhk50w,,RP75H-RW,64,18.0,75.0,15.0,,1500.0,1.0,30004481,RP75H-4815SRW/P,18-75,15,2.25KV,RP75H-RW,4.0
359,465,VHK50W-Q48-S15,vhk50w,,RP75H-RW,64,18.0,75.0,15.0,,1500.0,1.0,30004471,RP75H-4815SRW/N,18-75,15,2.25KV,RP75H-RW,4.0
360,465,VHK50W-Q48-S15,vhk50w,,RP75H-RW,64,18.0,75.0,15.0,,1500.0,1.0,30004486,RP75H-4815SRW/P-HC,18-75,15,2.25KV,RP75H-RW,4.0
361,466,VHK50W-Q48-S12,vhk50w,,RP75H-RW,64,18.0,75.0,12.0,,1500.0,1.0,30004485,RP75H-4812SRW/P-HC,18-75,12,2.25KV,RP75H-RW,4.0
362,466,VHK50W-Q48-S12,vhk50w,,RP75H-RW,64,18.0,75.0,12.0,,1500.0,1.0,30004480,RP75H-4812SRW/P,18-75,12,2.25KV,RP75H-RW,4.0
363,466,VHK50W-Q48-S12,vhk50w,,RP75H-RW,64,18.0,75.0,12.0,,1500.0,1.0,30004470,RP75H-4812SRW/N,18-75,12,2.25KV,RP75H-RW,4.0
364,466,VHK50W-Q48-S12,vhk50w,,RP75H-RW,64,18.0,75.0,12.0,,1500.0,1.0,30004475,RP75H-4812SRW/N-HC,18-75,12,2.25KV,RP75H-RW,4.0
365,467,VHK200W-Q48-S48,vhk200w,,"RP240H-RW,REC300H-W",67,18.0,75.0,48.0,,1500.0,1.0,30004787,RP240H-4848SRW/P-HC,16.5-75,48,2.25KV,RP240H-RW,2.0
366,467,VHK200W-Q48-S48,vhk200w,,"RP240H-RW,REC300H-W",67,18.0,75.0,48.0,,1500.0,1.0,30004772,RP240H-4848SRW/N,16.5-75,48,2.25KV,RP240H-RW,2.0
367,467,VHK200W-Q48-S48,vhk200w,,"RP240H-RW,REC300H-W",67,18.0,75.0,48.0,,1500.0,1.0,30004777,RP240H-4848SRW/N-HC,16.5-75,48,2.25KV,RP240H-RW,2.0
368,467,VHK200W-Q48-S48,vhk200w,,"RP240H-RW,REC300H-W",67,18.0,75.0,48.0,,1500.0,1.0,30004782,RP240H-4848SRW/P,16.5-75,48,2.25KV,RP240H-RW,2.0
369,469,VHK200W-Q48-S24,vhk200w,,"RP240H-RW,REC300H-W",67,18.0,75.0,24.0,,1500.0,1.0,30004929,RP240H-4824SRW/P/X4,14-75,24,2.25KV,RP240H-RW,2.0
370,469,VHK200W-Q48-S24,vhk200w,,"RP240H-RW,REC300H-W",67,18.0,75.0,24.0,,1500.0,1.0,30004776,RP240H-4824SRW/N-HC,16.5-75,24,2.25KV,RP240H-RW,2.0
371,469,VHK200W-Q48-S24,vhk200w,,"RP240H-RW,REC300H-W",67,18.0,75.0,24.0,,1500.0,1.0,30004786,RP240H-4824SRW/P-HC,16.5-75,24,2.25KV,RP240H-RW,2.0
372,469,VHK200W-Q48-S24,vhk200w,,"RP240H-RW,REC300H-W",67,18.0,75.0,24.0,,1500.0,1.0,30004771,RP240H-4824SRW/N,16.5-75,24,2.25KV,RP240H-RW,2.0
373,469,VHK200W-Q48-S24,vhk200w,,"RP240H-RW,REC300H-W",67,18.0,75.0,24.0,,1500.0,1.0,30004781,RP240H-4824SRW/P,16.5-75,24,2.25KV,RP240H-RW,2.0
374,470,VHK200W-Q48-S15,vhk200w,,"RP240H-RW,REC300H-W",67,18.0,75.0,15.0,,1500.0,1.0,30004780,RP240H-4815SRW/P,16.5-75,15,2.25KV,RP240H-RW,2.0
375,470,VHK200W-Q48-S15,vhk200w,,"RP240H-RW,REC300H-W",67,18.0,75.0,15.0,,1500.0,1.0,30004785,RP240H-4815SRW/P-HC,16.5-75,15,2.25KV,RP240H-RW,2.0
376,470,VHK200W-Q48-S15,vhk200w,,"RP240H-RW,REC300H-W",67,18.0,75.0,15.0,,1500.0,1.0,30004775,RP240H-4815SRW/N-HC,16.5-75,15,2.25KV,RP240H-RW,2.0
377,470,VHK200W-Q48-S15,vhk200w,,"RP240H-RW,REC300H-W",67,18.0,75.0,15.0,,1500.0,1.0,30004770,RP240H-4815SRW/N,16.5-75,15,2.25KV,RP240H-RW,2.0
378,471,VHK200W-Q48-S12,vhk200w,,"RP240H-RW,REC300H-W",67,18.0,75.0,12.0,,1500.0,1.0,30004779,RP240H-4812SRW/P,16.5-75,12,2.25KV,RP240H-RW,2.0
379,471,VHK200W-Q48-S12,vhk200w,,"RP240H-RW,REC300H-W",67,18.0,75.0,12.0,,1500.0,1.0,30004769,RP240H-4812SRW/N,16.5-75,12,2.25KV,RP240H-RW,2.0
380,471,VHK200W-Q48-S12,vhk200w,,"RP240H-RW,REC300H-W",67,18.0,75.0,12.0,,1500.0,1.0,30004784,RP240H-4812SRW/P-HC,16.5-75,12,2.25KV,RP240H-RW,2.0
381,471,VHK200W-Q48-S12,vhk200w,,"RP240H-RW,REC300H-W",67,18.0,75.0,12.0,,1500.0,1.0,30004774,RP240H-4812SRW/N-HC,16.5-75,12,2.25KV,RP240H-RW,2.0
382,472,VHK150W-Q48-S48,vhk150w,,REC150H-UW,6,18.0,75.0,48.0,,1500.0,1.0,21000493,REC150H-4848SUW,9-75,48,2.5KV,REC150H-UW,2.0
383,473,VHK150W-Q48-S24,vhk150w,,REC150H-UW,6,18.0,75.0,24.0,,1500.0,1.0,21000491,REC150H-4824SUW,9-75,24,2.5KV,REC150H-UW,2.0
384,475,VHK150W-Q48-S12,vhk150w,,REC150H-UW,6,18.0,75.0,12.0,,1500.0,1.0,21000490,REC150H-4812SUW,9-75,12,2.5KV,REC150H-UW,2.0
385,476,VHK100W-Q48-S5,vhk100w,,RP100H-RW,63,18.0,75.0,5.0,,1500.0,1.0,30004604,RP100H-4805SRW/P-HC,16.5-75,05,2.25KV,RP100H-RW,2.0
386,476,VHK100W-Q48-S5,vhk100w,,RP100H-RW,63,18.0,75.0,5.0,,1500.0,1.0,30004594,RP100H-4805SRW/N-HC,16.5-75,05,2.25KV,RP100H-RW,2.0
387,476,VHK100W-Q48-S5,vhk100w,,RP100H-RW,63,18.0,75.0,5.0,,1500.0,1.0,30004599,RP100H-4805SRW/P,16.5-75,05,2.25KV,RP100H-RW,2.0
388,476,VHK100W-Q48-S5,vhk100w,,RP100H-RW,63,18.0,75.0,5.0,,1500.0,1.0,30004589,RP100H-4805SRW/N,16.5-75,05,2.25KV,RP100H-RW,2.0
389,477,VHK100W-Q48-S48,vhk100w,,RP100H-RW,63,18.0,75.0,48.0,,1500.0,1.0,30004598,RP100H-4848SRW/N-HC,16.5-75,48,2.25KV,RP100H-RW,2.0
390,477,VHK100W-Q48-S48,vhk100w,,RP100H-RW,63,18.0,75.0,48.0,,1500.0,1.0,30004608,RP100H-4848SRW/P-HC,16.5-75,48,2.25KV,RP100H-RW,2.0
391,477,VHK100W-Q48-S48,vhk100w,,RP100H-RW,63,18.0,75.0,48.0,,1500.0,1.0,30004603,RP100H-4848SRW/P,16.5-75,48,2.25KV,RP100H-RW,2.0
392,477,VHK100W-Q48-S48,vhk100w,,RP100H-RW,63,18.0,75.0,48.0,,1500.0,1.0,30004593,RP100H-4848SRW/N,16.5-75,48,2.25KV,RP100H-RW,2.0
393,480,VHK100W-Q48-S24,vhk100w,,RP100H-RW,63,18.0,75.0,24.0,,1500.0,1.0,30004607,RP100H-4824SRW/P-HC,16.5-75,24,2.25KV,RP100H-RW,2.0
394,480,VHK100W-Q48-S24,vhk100w,,RP100H-RW,63,18.0,75.0,24.0,,1500.0,1.0,30004602,RP100H-4824SRW/P,16.5-75,24,2.25KV,RP100H-RW,2.0
395,480,VHK100W-Q48-S24,vhk100w,,RP100H-RW,63,18.0,75.0,24.0,,1500.0,1.0,30004592,RP100H-4824SRW/N,16.5-75,24,2.25KV,RP100H-RW,2.0
396,480,VHK100W-Q48-S24,vhk100w,,RP100H-RW,63,18.0,75.0,24.0,,1500.0,1.0,30004597,RP100H-4824SRW/N-HC,16.5-75,24,2.25KV,RP100H-RW,2.0
397,481,VHK100W-Q48-S15,vhk100w,,RP100H-RW,63,18.0,75.0,15.0,,1500.0,1.0,30004601,RP100H-4815SRW/P,16.5-75,15,2.25KV,RP100H-RW,2.0
398,481,VHK100W-Q48-S15,vhk100w,,RP100H-RW,63,18.0,75.0,15.0,,1500.0,1.0,30004596,RP100H-4815SRW/N-HC,16.5-75,15,2.25KV,RP100H-RW,2.0
399,481,VHK100W-Q48-S15,vhk100w,,RP100H-RW,63,18.0,75.0,15.0,,1500.0,1.0,30004606,RP100H-4815SRW/P-HC,16.5-75,15,2.25KV,RP100H-RW,2.0
400,481,VHK100W-Q48-S15,vhk100w,,RP100H-RW,63,18.0,75.0,15.0,,1500.0,1.0,30004591,RP100H-4815SRW/N,16.5-75,15,2.25KV,RP100H-RW,2.0
401,482,VHK100W-Q48-S12,vhk100w,,RP100H-RW,63,18.0,75.0,12.0,,1500.0,1.0,30004590,RP100H-4812SRW/N,16.5-75,12,2.25KV,RP100H-RW,2.0
402,482,VHK100W-Q48-S12,vhk100w,,RP100H-RW,63,18.0,75.0,12.0,,1500.0,1.0,30004605,RP100H-4812SRW/P-HC,16.5-75,12,2.25KV,RP100H-RW,2.0
403,482,VHK100W-Q48-S12,vhk100w,,RP100H-RW,63,18.0,75.0,12.0,,1500.0,1.0,30004600,RP100H-4812SRW/P,16.5-75,12,2.25KV,RP100H-RW,2.0
404,482,VHK100W-Q48-S12,vhk100w,,RP100H-RW,63,18.0,75.0,12.0,,1500.0,1.0,30004595,RP100H-4812SRW/N-HC,16.5-75,12,2.25KV,RP100H-RW,2.0
405,483,VHB75W-Q48-S5,vhb75w,,RP75H-RW,64,18.0,75.0,5.0,,1500.0,1.0,30004469,RP75H-4805SRW/N,18-75,05,2.25KV,RP75H-RW,4.0
406,483,VHB75W-Q48-S5,vhb75w,,RP75H-RW,64,18.0,75.0,5.0,,1500.0,1.0,30004484,RP75H-4805SRW/P-HC,18-75,05,2.25KV,RP75H-RW,4.0
407,483,VHB75W-Q48-S5,vhb75w,,RP75H-RW,64,18.0,75.0,5.0,,1500.0,1.0,30004479,RP75H-4805SRW/P,18-75,05,2.25KV,RP75H-RW,4.0
408,483,VHB75W-Q48-S5,vhb75w,,RP75H-RW,64,18.0,75.0,5.0,,1500.0,1.0,30004474,RP75H-4805SRW/N-HC,18-75,05,2.25KV,RP75H-RW,4.0
409,484,VHB75W-Q48-S48,vhb75w,,RP75H-RW,64,18.0,75.0,48.0,,1500.0,1.0,30004488,RP75H-4848SRW/P-HC,18-75,48,2.25KV,RP75H-RW,4.0
410,484,VHB75W-Q48-S48,vhb75w,,RP75H-RW,64,18.0,75.0,48.0,,1500.0,1.0,30004483,RP75H-4848SRW/P,18-75,48,2.25KV,RP75H-RW,4.0
411,484,VHB75W-Q48-S48,vhb75w,,RP75H-RW,64,18.0,75.0,48.0,,1500.0,1.0,30004478,RP75H-4848SRW/N-HC,18-75,48,2.25KV,RP75H-RW,4.0
412,484,VHB75W-Q48-S48,vhb75w,,RP75H-RW,64,18.0,75.0,48.0,,1500.0,1.0,30004473,RP75H-4848SRW/N,18-75,48,2.25KV,RP75H-RW,4.0
413,486,VHB75W-Q48-S24,vhb75w,,RP75H-RW,64,18.0,75.0,24.0,,1500.0,1.0,30004487,RP75H-4824SRW/P-HC,18-75,24,2.25KV,RP75H-RW,4.0
414,486,VHB75W-Q48-S24,vhb75w,,RP75H-RW,64,18.0,75.0,24.0,,1500.0,1.0,30004472,RP75H-4824SRW/N,18-75,24,2.25KV,RP75H-RW,4.0
415,486,VHB75W-Q48-S24,vhb75w,,RP75H-RW,64,18.0,75.0,24.0,,1500.0,1.0,30004482,RP75H-4824SRW/P,18-75,24,2.25KV,RP75H-RW,4.0
416,486,VHB75W-Q48-S24,vhb75w,,RP75H-RW,64,18.0,75.0,24.0,,1500.0,1.0,30004477,RP75H-4824SRW/N-HC,18-75,24,2.25KV,RP75H-RW,4.0
417,486,VHB75W-Q48-S24,vhb75w,,RP75H-RW,64,18.0,75.0,24.0,,1500.0,1.0,30004847,KES-RP75H-4824SRW/P,18-75,24,2.25KV,KES-RP75H-RW,4.0
418,487,VHB75W-Q48-S15,vhb75w,,RP75H-RW,64,18.0,75.0,15.0,,1500.0,1.0,30004476,RP75H-4815SRW/N-HC,18-75,15,2.25KV,RP75H-RW,4.0
419,487,VHB75W-Q48-S15,vhb75w,,RP75H-RW,64,18.0,75.0,15.0,,1500.0,1.0,30004481,RP75H-4815SRW/P,18-75,15,2.25KV,RP75H-RW,4.0
420,487,VHB75W-Q48-S15,vhb75w,,RP75H-RW,64,18.0,75.0,15.0,,1500.0,1.0,30004471,RP75H-4815SRW/N,18-75,15,2.25KV,RP75H-RW,4.0
421,487,VHB75W-Q48-S15,vhb75w,,RP75H-RW,64,18.0,75.0,15.0,,1500.0,1.0,30004486,RP75H-4815SRW/P-HC,18-75,15,2.25KV,RP75H-RW,4.0
422,488,VHB75W-Q48-S12,vhb75w,,RP75H-RW,64,18.0,75.0,12.0,,1500.0,1.0,30004485,RP75H-4812SRW/P-HC,18-75,12,2.25KV,RP75H-RW,4.0
423,488,VHB75W-Q48-S12,vhb75w,,RP75H-RW,64,18.0,75.0,12.0,,1500.0,1.0,30004480,RP75H-4812SRW/P,18-75,12,2.25KV,RP75H-RW,4.0
424,488,VHB75W-Q48-S12,vhb75w,,RP75H-RW,64,18.0,75.0,12.0,,1500.0,1.0,30004470,RP75H-4812SRW/N,18-75,12,2.25KV,RP75H-RW,4.0
425,488,VHB75W-Q48-S12,vhb75w,,RP75H-RW,64,18.0,75.0,12.0,,1500.0,1.0,30004475,RP75H-4812SRW/N-HC,18-75,12,2.25KV,RP75H-RW,4.0
426,489,VHB50W-Q48-S5,vhb50w,,RP75H-RW,64,18.0,75.0,5.0,,1500.0,1.0,30004469,RP75H-4805SRW/N,18-75,05,2.25KV,RP75H-RW,4.0
427,489,VHB50W-Q48-S5,vhb50w,,RP75H-RW,64,18.0,75.0,5.0,,1500.0,1.0,30004484,RP75H-4805SRW/P-HC,18-75,05,2.25KV,RP75H-RW,4.0
428,489,VHB50W-Q48-S5,vhb50w,,RP75H-RW,64,18.0,75.0,5.0,,1500.0,1.0,30004479,RP75H-4805SRW/P,18-75,05,2.25KV,RP75H-RW,4.0
429,489,VHB50W-Q48-S5,vhb50w,,RP75H-RW,64,18.0,75.0,5.0,,1500.0,1.0,30004474,RP75H-4805SRW/N-HC,18-75,05,2.25KV,RP75H-RW,4.0
430,490,VHB50W-Q48-S48,vhb50w,,RP75H-RW,64,18.0,75.0,48.0,,1500.0,1.0,30004488,RP75H-4848SRW/P-HC,18-75,48,2.25KV,RP75H-RW,4.0
431,490,VHB50W-Q48-S48,vhb50w,,RP75H-RW,64,18.0,75.0,48.0,,1500.0,1.0,30004483,RP75H-4848SRW/P,18-75,48,2.25KV,RP75H-RW,4.0
432,490,VHB50W-Q48-S48,vhb50w,,RP75H-RW,64,18.0,75.0,48.0,,1500.0,1.0,30004478,RP75H-4848SRW/N-HC,18-75,48,2.25KV,RP75H-RW,4.0
433,490,VHB50W-Q48-S48,vhb50w,,RP75H-RW,64,18.0,75.0,48.0,,1500.0,1.0,30004473,RP75H-4848SRW/N,18-75,48,2.25KV,RP75H-RW,4.0
434,493,VHB50W-Q48-S24,vhb50w,,RP75H-RW,64,18.0,75.0,24.0,,1500.0,1.0,30004487,RP75H-4824SRW/P-HC,18-75,24,2.25KV,RP75H-RW,4.0
435,493,VHB50W-Q48-S24,vhb50w,,RP75H-RW,64,18.0,75.0,24.0,,1500.0,1.0,30004472,RP75H-4824SRW/N,18-75,24,2.25KV,RP75H-RW,4.0
436,493,VHB50W-Q48-S24,vhb50w,,RP75H-RW,64,18.0,75.0,24.0,,1500.0,1.0,30004482,RP75H-4824SRW/P,18-75,24,2.25KV,RP75H-RW,4.0
437,493,VHB50W-Q48-S24,vhb50w,,RP75H-RW,64,18.0,75.0,24.0,,1500.0,1.0,30004477,RP75H-4824SRW/N-HC,18-75,24,2.25KV,RP75H-RW,4.0
438,493,VHB50W-Q48-S24,vhb50w,,RP75H-RW,64,18.0,75.0,24.0,,1500.0,1.0,30004847,KES-RP75H-4824SRW/P,18-75,24,2.25KV,KES-RP75H-RW,4.0
439,494,VHB50W-Q48-S15,vhb50w,,RP75H-RW,64,18.0,75.0,15.0,,1500.0,1.0,30004476,RP75H-4815SRW/N-HC,18-75,15,2.25KV,RP75H-RW,4.0
440,494,VHB50W-Q48-S15,vhb50w,,RP75H-RW,64,18.0,75.0,15.0,,1500.0,1.0,30004481,RP75H-4815SRW/P,18-75,15,2.25KV,RP75H-RW,4.0
441,494,VHB50W-Q48-S15,vhb50w,,RP75H-RW,64,18.0,75.0,15.0,,1500.0,1.0,30004471,RP75H-4815SRW/N,18-75,15,2.25KV,RP75H-RW,4.0
442,494,VHB50W-Q48-S15,vhb50w,,RP75H-RW,64,18.0,75.0,15.0,,1500.0,1.0,30004486,RP75H-4815SRW/P-HC,18-75,15,2.25KV,RP75H-RW,4.0
443,495,VHB50W-Q48-S12,vhb50w,,RP75H-RW,64,18.0,75.0,12.0,,1500.0,1.0,30004485,RP75H-4812SRW/P-HC,18-75,12,2.25KV,RP75H-RW,4.0
444,495,VHB50W-Q48-S12,vhb50w,,RP75H-RW,64,18.0,75.0,12.0,,1500.0,1.0,30004480,RP75H-4812SRW/P,18-75,12,2.25KV,RP75H-RW,4.0
445,495,VHB50W-Q48-S12,vhb50w,,RP75H-RW,64,18.0,75.0,12.0,,1500.0,1.0,30004470,RP75H-4812SRW/N,18-75,12,2.25KV,RP75H-RW,4.0
446,495,VHB50W-Q48-S12,vhb50w,,RP75H-RW,64,18.0,75.0,12.0,,1500.0,1.0,30004475,RP75H-4812SRW/N-HC,18-75,12,2.25KV,RP75H-RW,4.0
447,496,VHB200W-Q48-S5,vhb200w,,"RP240H-RW,REC300H-W",67,18.0,75.0,5.0,,1500.0,1.0,30004768,RP240H-4805SRW/N,16.5-75,05,2.25KV,RP240H-RW,2.0
448,496,VHB200W-Q48-S5,vhb200w,,"RP240H-RW,REC300H-W",67,18.0,75.0,5.0,,1500.0,1.0,30004783,RP240H-4805SRW/P-HC,16.5-75,05,2.25KV,RP240H-RW,2.0
449,496,VHB200W-Q48-S5,vhb200w,,"RP240H-RW,REC300H-W",67,18.0,75.0,5.0,,1500.0,1.0,30004778,RP240H-4805SRW/P,16.5-75,05,2.25KV,RP240H-RW,2.0
450,496,VHB200W-Q48-S5,vhb200w,,"RP240H-RW,REC300H-W",67,18.0,75.0,5.0,,1500.0,1.0,30004773,RP240H-4805SRW/N-HC,16.5-75,05,2.25KV,RP240H-RW,2.0
451,497,VHB200W-Q48-S48,vhb200w,,"RP240H-RW,REC300H-W",67,18.0,75.0,48.0,,1500.0,1.0,30004787,RP240H-4848SRW/P-HC,16.5-75,48,2.25KV,RP240H-RW,2.0
452,497,VHB200W-Q48-S48,vhb200w,,"RP240H-RW,REC300H-W",67,18.0,75.0,48.0,,1500.0,1.0,30004772,RP240H-4848SRW/N,16.5-75,48,2.25KV,RP240H-RW,2.0
453,497,VHB200W-Q48-S48,vhb200w,,"RP240H-RW,REC300H-W",67,18.0,75.0,48.0,,1500.0,1.0,30004777,RP240H-4848SRW/N-HC,16.5-75,48,2.25KV,RP240H-RW,2.0
454,497,VHB200W-Q48-S48,vhb200w,,"RP240H-RW,REC300H-W",67,18.0,75.0,48.0,,1500.0,1.0,30004782,RP240H-4848SRW/P,16.5-75,48,2.25KV,RP240H-RW,2.0
455,500,VHB200W-Q48-S24,vhb200w,,"RP240H-RW,REC300H-W",67,18.0,75.0,24.0,,1500.0,1.0,30004929,RP240H-4824SRW/P/X4,14-75,24,2.25KV,RP240H-RW,2.0
456,500,VHB200W-Q48-S24,vhb200w,,"RP240H-RW,REC300H-W",67,18.0,75.0,24.0,,1500.0,1.0,30004776,RP240H-4824SRW/N-HC,16.5-75,24,2.25KV,RP240H-RW,2.0
457,500,VHB200W-Q48-S24,vhb200w,,"RP240H-RW,REC300H-W",67,18.0,75.0,24.0,,1500.0,1.0,30004786,RP240H-4824SRW/P-HC,16.5-75,24,2.25KV,RP240H-RW,2.0
458,500,VHB200W-Q48-S24,vhb200w,,"RP240H-RW,REC300H-W",67,18.0,75.0,24.0,,1500.0,1.0,30004771,RP240H-4824SRW/N,16.5-75,24,2.25KV,RP240H-RW,2.0
459,500,VHB200W-Q48-S24,vhb200w,,"RP240H-RW,REC300H-W",67,18.0,75.0,24.0,,1500.0,1.0,30004781,RP240H-4824SRW/P,16.5-75,24,2.25KV,RP240H-RW,2.0
460,501,VHB200W-Q48-S15,vhb200w,,"RP240H-RW,REC300H-W",67,18.0,75.0,15.0,,1500.0,1.0,30004780,RP240H-4815SRW/P,16.5-75,15,2.25KV,RP240H-RW,2.0
461,501,VHB200W-Q48-S15,vhb200w,,"RP240H-RW,REC300H-W",67,18.0,75.0,15.0,,1500.0,1.0,30004785,RP240H-4815SRW/P-HC,16.5-75,15,2.25KV,RP240H-RW,2.0
462,501,VHB200W-Q48-S15,vhb200w,,"RP240H-RW,REC300H-W",67,18.0,75.0,15.0,,1500.0,1.0,30004775,RP240H-4815SRW/N-HC,16.5-75,15,2.25KV,RP240H-RW,2.0
463,501,VHB200W-Q48-S15,vhb200w,,"RP240H-RW,REC300H-W",67,18.0,75.0,15.0,,1500.0,1.0,30004770,RP240H-4815SRW/N,16.5-75,15,2.25KV,RP240H-RW,2.0
464,502,VHB200W-Q48-S12,vhb200w,,"RP240H-RW,REC300H-W",67,18.0,75.0,12.0,,1500.0,1.0,30004779,RP240H-4812SRW/P,16.5-75,12,2.25KV,RP240H-RW,2.0
465,502,VHB200W-Q48-S12,vhb200w,,"RP240H-RW,REC300H-W",67,18.0,75.0,12.0,,1500.0,1.0,30004769,RP240H-4812SRW/N,16.5-75,12,2.25KV,RP240H-RW,2.0
466,502,VHB200W-Q48-S12,vhb200w,,"RP240H-RW,REC300H-W",67,18.0,75.0,12.0,,1500.0,1.0,30004784,RP240H-4812SRW/P-HC,16.5-75,12,2.25KV,RP240H-RW,2.0
467,502,VHB200W-Q48-S12,vhb200w,,"RP240H-RW,REC300H-W",67,18.0,75.0,12.0,,1500.0,1.0,30004774,RP240H-4812SRW/N-HC,16.5-75,12,2.25KV,RP240H-RW,2.0
468,504,VHB150W-Q48-S48,vhb150w,,REC150H-UW,6,18.0,75.0,48.0,,1500.0,1.0,21000493,REC150H-4848SUW,9-75,48,2.5KV,REC150H-UW,2.0
469,506,VHB150W-Q48-S28,vhb150w,,REC150H-UW,6,18.0,75.0,28.0,,1500.0,1.0,21000492,REC150H-4828SUW,9-75,28,2.5KV,REC150H-UW,2.0
470,507,VHB150W-Q48-S24,vhb150w,,REC150H-UW,6,18.0,75.0,24.0,,1500.0,1.0,21000491,REC150H-4824SUW,9-75,24,2.5KV,REC150H-UW,2.0
471,509,VHB150W-Q48-S12,vhb150w,,REC150H-UW,6,18.0,75.0,12.0,,1500.0,1.0,21000490,REC150H-4812SUW,9-75,12,2.5KV,REC150H-UW,2.0
472,514,PCN2-S24-D15-S,pcn2-s,,RKZE,113,21.6,26.4,15.0,-15.0,1000.0,2.0,10019118,RKZE-2415D,24,+/-15,3KV,RKZE,4.0
473,514,PCN2-S24-D15-S,pcn2-s,,RKZE,113,21.6,26.4,15.0,-15.0,1000.0,2.0,10019119,RKZE-2415D/H,24,+/-15,4KV,RKZE,4.0
474,514,PCN2-S24-D15-S,pcn2-s,,RKZE,113,21.6,26.4,15.0,-15.0,1000.0,2.0,10019120,RKZE-2415D/P,24,+/-15,3KV,RKZE,4.0
475,514,PCN2-S24-D15-S,pcn2-s,,RKZE,113,21.6,26.4,15.0,-15.0,1000.0,2.0,10019121,RKZE-2415D/HP,24,+/-15,4KV,RKZE,4.0
476,515,PCN2-S24-D12-S,pcn2-s,,RKZE,113,21.6,26.4,12.0,-12.0,1000.0,2.0,10019102,RKZE-2412D,24,+/-12,3KV,RKZE,4.0
477,515,PCN2-S24-D12-S,pcn2-s,,RKZE,113,21.6,26.4,12.0,-12.0,1000.0,2.0,10019103,RKZE-2412D/H,24,+/-12,4KV,RKZE,4.0
478,515,PCN2-S24-D12-S,pcn2-s,,RKZE,113,21.6,26.4,12.0,-12.0,1000.0,2.0,10019104,RKZE-2412D/P,24,+/-12,3KV,RKZE,4.0
479,515,PCN2-S24-D12-S,pcn2-s,,RKZE,113,21.6,26.4,12.0,-12.0,1000.0,2.0,10019105,RKZE-2412D/HP,24,+/-12,4KV,RKZE,4.0
480,516,PCN2-S24-D5-S,pcn2-s,,RKZE,113,21.6,26.4,5.0,-5.0,1000.0,2.0,10019086,RKZE-2405D,24,+/-05,3KV,RKZE,4.0
481,516,PCN2-S24-D5-S,pcn2-s,,RKZE,113,21.6,26.4,5.0,-5.0,1000.0,2.0,10019087,RKZE-2405D/H,24,+/-05,4KV,RKZE,4.0
482,516,PCN2-S24-D5-S,pcn2-s,,RKZE,113,21.6,26.4,5.0,-5.0,1000.0,2.0,10019088,RKZE-2405D/P,24,+/-05,3KV,RKZE,4.0
483,516,PCN2-S24-D5-S,pcn2-s,,RKZE,113,21.6,26.4,5.0,-5.0,1000.0,2.0,10019089,RKZE-2405D/HP,24,+/-05,4KV,RKZE,4.0
484,517,PCN2-S24-S15-S,pcn2-s,,RKZE,113,21.6,26.4,15.0,,1000.0,1.0,10019070,RKZE-2415S,24,15,3KV,RKZE,4.0
485,517,PCN2-S24-S15-S,pcn2-s,,RKZE,113,21.6,26.4,15.0,,1000.0,1.0,10019071,RKZE-2415S/H,24,15,4KV,RKZE,4.0
486,517,PCN2-S24-S15-S,pcn2-s,,RKZE,113,21.6,26.4,15.0,,1000.0,1.0,10019072,RKZE-2415S/P,24,15,3KV,RKZE,4.0
487,517,PCN2-S24-S15-S,pcn2-s,,RKZE,113,21.6,26.4,15.0,,1000.0,1.0,10019073,RKZE-2415S/HP,24,15,4KV,RKZE,4.0
488,518,PCN2-S24-S12-S,pcn2-s,,RKZE,113,21.6,26.4,12.0,,1000.0,1.0,10019054,RKZE-2412S,24,12,3KV,RKZE,4.0
489,518,PCN2-S24-S12-S,pcn2-s,,RKZE,113,21.6,26.4,12.0,,1000.0,1.0,10019055,RKZE-2412S/H,24,12,4KV,RKZE,4.0
490,518,PCN2-S24-S12-S,pcn2-s,,RKZE,113,21.6,26.4,12.0,,1000.0,1.0,10019056,RKZE-2412S/P,24,12,3KV,RKZE,4.0
491,518,PCN2-S24-S12-S,pcn2-s,,RKZE,113,21.6,26.4,12.0,,1000.0,1.0,10019057,RKZE-2412S/HP,24,12,4KV,RKZE,4.0
492,519,PCN2-S24-S5-S,pcn2-s,,RKZE,113,21.6,26.4,5.0,,1000.0,1.0,10019022,RKZE-2405S,24,05,3KV,RKZE,4.0
493,519,PCN2-S24-S5-S,pcn2-s,,RKZE,113,21.6,26.4,5.0,,1000.0,1.0,10019023,RKZE-2405S/H,24,05,4KV,RKZE,4.0
494,519,PCN2-S24-S5-S,pcn2-s,,RKZE,113,21.6,26.4,5.0,,1000.0,1.0,10019024,RKZE-2405S/P,24,05,3KV,RKZE,4.0
495,519,PCN2-S24-S5-S,pcn2-s,,RKZE,113,21.6,26.4,5.0,,1000.0,1.0,10019025,RKZE-2405S/HP,24,05,4KV,RKZE,4.0
496,522,PCSA1-S24-S5-S,pcsa1-s,,ROE,15,21.6,26.4,5.0,,1000.0,1.0,10018048,ROE-2405S,24,05,1KV,ROE,5.0
497,522,PCSA1-S24-S5-S,pcsa1-s,,ROE,15,21.6,26.4,5.0,,1000.0,1.0,10018232,WE-ROE-2405S,24,05,1KV,WE-ROE,5.0
498,523,PCN1-S24-D15-S,pcn1-s,,RB,317,21.6,26.4,15.0,-15.0,1500.0,2.0,10001507,RB-2415D/H,24,+/-15,2KV,RB,4.0
499,523,PCN1-S24-D15-S,pcn1-s,,RB,317,21.6,26.4,15.0,-15.0,1500.0,2.0,10003663,RB-2415D/HP,24,+/-15,2KV,RB,4.0
500,523,PCN1-S24-D15-S,pcn1-s,,RB,317,21.6,26.4,15.0,-15.0,1500.0,2.0,10017859,RB-2415D/HP/X2,24,+/-15,2KV,RB,4.0
501,524,PCN1-S24-D12-S,pcn1-s,,RB,317,21.6,26.4,12.0,-12.0,1500.0,2.0,10001506,RB-2412D/H,24,+/-12,2KV,RB,4.0
502,524,PCN1-S24-D12-S,pcn1-s,,RB,317,21.6,26.4,12.0,-12.0,1500.0,2.0,10005326,RB-2412D/HP,24,+/-12,2KV,RB,4.0
503,525,PCN1-S24-D5-S,pcn1-s,,RB,317,21.6,26.4,5.0,-5.0,1500.0,2.0,10001504,RB-2405D/H,24,+/-05,2KV,RB,4.0
504,525,PCN1-S24-D5-S,pcn1-s,,RB,317,21.6,26.4,5.0,-5.0,1500.0,2.0,10005248,RB-2405D/HP,24,+/-05,2KV,RB,4.0
505,526,PCN1-S24-S15-S,pcn1-s,,RB,317,21.6,26.4,15.0,,1500.0,1.0,10001482,RB-2415S/H,24,15,2KV,RB,4.0
506,526,PCN1-S24-S15-S,pcn1-s,,RB,317,21.6,26.4,15.0,,1500.0,1.0,10005321,RB-2415S/HP,24,15,2KV,RB,4.0
507,526,PCN1-S24-S15-S,pcn1-s,,RB,317,21.6,26.4,15.0,,1500.0,1.0,10017857,RB-2415S/HP/X2,24,15,2KV,RB,4.0
508,527,PCN1-S24-S12-S,pcn1-s,,RB,317,21.6,26.4,12.0,,1500.0,1.0,10001481,RB-2412S/H,24,12,2KV,RB,4.0
509,527,PCN1-S24-S12-S,pcn1-s,,RB,317,21.6,26.4,12.0,,1500.0,1.0,10005324,RB-2412S/HP,24,12,2KV,RB,4.0
510,527,PCN1-S24-S12-S,pcn1-s,,RB,317,21.6,26.4,12.0,,1500.0,1.0,10017858,RB-2412S/HP/X2,24,12,2KV,RB,4.0
511,528,PCN1-S24-S5-S,pcn1-s,,RB,317,21.6,26.4,5.0,,1500.0,1.0,10001479,RB-2405S/H,24,05,2KV,RB,4.0
512,528,PCN1-S24-S5-S,pcn1-s,,RB,317,21.6,26.4,5.0,,1500.0,1.0,10003662,RB-2405S/HP,24,05,2KV,RB,4.0
513,583,VHB150R-T110-S24,vhb150r,,RP180H-RW,63,66.0,160.0,24.0,,2250.0,1.0,30004741,RP180H-11024SRW/P,43-160,24,3KV,RP180H-RW,2.0
514,583,VHB150R-T110-S24,vhb150r,,RP180H-RW,63,66.0,160.0,24.0,,2250.0,1.0,30004736,RP180H-11024SRW/N-HC,43-160,24,3KV,RP180H-RW,2.0
515,583,VHB150R-T110-S24,vhb150r,,RP180H-RW,63,66.0,160.0,24.0,,2250.0,1.0,30004746,RP180H-11024SRW/P-HC,43-160,24,3KV,RP180H-RW,2.0
516,583,VHB150R-T110-S24,vhb150r,,RP180H-RW,63,66.0,160.0,24.0,,2250.0,1.0,30004731,RP180H-11024SRW/N,43-160,24,3KV,RP180H-RW,2.0
517,584,VHB150R-T110-S12,vhb150r,,RP180H-RW,63,66.0,160.0,12.0,,2250.0,1.0,30004734,RP180H-11012SRW/N-HC,43-160,12,3KV,RP180H-RW,2.0
518,584,VHB150R-T110-S12,vhb150r,,RP180H-RW,63,66.0,160.0,12.0,,2250.0,1.0,30004739,RP180H-11012SRW/P,43-160,12,3KV,RP180H-RW,2.0
519,584,VHB150R-T110-S12,vhb150r,,RP180H-RW,63,66.0,160.0,12.0,,2250.0,1.0,30004729,RP180H-11012SRW/N,43-160,12,3KV,RP180H-RW,2.0
520,584,VHB150R-T110-S12,vhb150r,,RP180H-RW,63,66.0,160.0,12.0,,2250.0,1.0,30004744,RP180H-11012SRW/P-HC,43-160,12,3KV,RP180H-RW,2.0
521,585,VHB150R-T110-S5,vhb150r,,RP180H-RW,63,66.0,160.0,5.0,,2250.0,1.0,30004728,RP180H-11005SRW/N,43-160,05,3KV,RP180H-RW,2.0
522,585,VHB150R-T110-S5,vhb150r,,RP180H-RW,63,66.0,160.0,5.0,,2250.0,1.0,30004733,RP180H-11005SRW/N-HC,43-160,05,3KV,RP180H-RW,2.0
523,585,VHB150R-T110-S5,vhb150r,,RP180H-RW,63,66.0,160.0,5.0,,2250.0,1.0,30004738,RP180H-11005SRW/P,43-160,05,3KV,RP180H-RW,2.0
524,585,VHB150R-T110-S5,vhb150r,,RP180H-RW,63,66.0,160.0,5.0,,2250.0,1.0,30004743,RP180H-11005SRW/P-HC,43-160,05,3KV,RP180H-RW,2.0
525,586,VQB100R-T110-S24,vqb100r,,RP100H-RW,63,66.0,160.0,24.0,,2250.0,1.0,30004350,RP100H-11024SRW/P,43-160,24,3KV,RP100H-RW,2.0
526,586,VQB100R-T110-S24,vqb100r,,RP100H-RW,63,66.0,160.0,24.0,,2250.0,1.0,30004612,RP100H-11024SRW/N,43-160,24,3KV,RP100H-RW,2.0
527,586,VQB100R-T110-S24,vqb100r,,RP100H-RW,63,66.0,160.0,24.0,,2250.0,1.0,30004626,RP100H-11024SRW/P-HC,43-160,24,3KV,RP100H-RW,2.0
528,586,VQB100R-T110-S24,vqb100r,,RP100H-RW,63,66.0,160.0,24.0,,2250.0,1.0,30004617,RP100H-11024SRW/N-HC,43-160,24,3KV,RP100H-RW,2.0
529,587,VQB100R-T110-S12,vqb100r,,RP100H-RW,63,66.0,160.0,12.0,,2250.0,1.0,30004624,RP100H-11012SRW/P-HC,43-160,12,3KV,RP100H-RW,2.0
530,587,VQB100R-T110-S12,vqb100r,,RP100H-RW,63,66.0,160.0,12.0,,2250.0,1.0,30004620,RP100H-11012SRW/P,43-160,12,3KV,RP100H-RW,2.0
531,587,VQB100R-T110-S12,vqb100r,,RP100H-RW,63,66.0,160.0,12.0,,2250.0,1.0,30004610,RP100H-11012SRW/N,43-160,12,3KV,RP100H-RW,2.0
532,587,VQB100R-T110-S12,vqb100r,,RP100H-RW,63,66.0,160.0,12.0,,2250.0,1.0,30004615,RP100H-11012SRW/N-HC,43-160,12,3KV,RP100H-RW,2.0
533,588,VQB100R-T110-S5,vqb100r,,RP100H-RW,63,66.0,160.0,5.0,,2250.0,1.0,30004614,RP100H-11005SRW/N-HC,43-160,05,3KV,RP100H-RW,2.0
534,588,VQB100R-T110-S5,vqb100r,,RP100H-RW,63,66.0,160.0,5.0,,2250.0,1.0,30004623,RP100H-11005SRW/P-HC,43-160,05,3KV,RP100H-RW,2.0
535,588,VQB100R-T110-S5,vqb100r,,RP100H-RW,63,66.0,160.0,5.0,,2250.0,1.0,30004609,RP100H-11005SRW/N,43-160,05,3KV,RP100H-RW,2.0
536,588,VQB100R-T110-S5,vqb100r,,RP100H-RW,63,66.0,160.0,5.0,,2250.0,1.0,30004619,RP100H-11005SRW/P,43-160,05,3KV,RP100H-RW,2.0
